movies	recommendation
" 
 Jurassic Park (1993) 
 First Kid (1996) 
 101 Dalmatians (1996) 
 Homeward Bound: The Incredible Journey (1993)"	" 
 Terminator 2: Judgment Day (1991) 
 Fugitive, The (1993) 
 Braveheart (1995) 
 Forrest Gump (1994)"
" 
 Liar Liar (1997) 
 Anastasia (1997) 
 Murder at 1600 (1997) 
 Conspiracy Theory (1997)"	
" 
 Clockwork Orange, A (1971) 
 Postino, Il (1994) 
 Chasing Amy (1997) 
 Piano, The (1993)"	" 
 Seven (a.k.a. Se7en) (1995) 
 American Beauty (1999) 
 Fargo (1996) 
 Memento (2000)"
" 
 Toy Story (1995) 
  Pretty Woman (1990)"	" 
 Star Wars: Episode IV - A New Hope (1977)"
" 
 Hoop Dreams (1994) 
 One Flew Over the Cuckoo's Nest (1975) 
 Snow White and the Seven Dwarfs (1937) 
 Taxi Driver (1976)"	
" 
 Raising Arizona (1987) 
 Apocalypse Now (1979) 
 Annie Hall (1977) 
 Secrets & Lies (1996)"	
" 
 Some Like It Hot (1959) 
 Cop Land (1997) 
 This Is Spinal Tap (1984) 
 Raging Bull (1980)"	
" 
 Titanic (1997) 
 Rosewood (1997) 
 Soul Food (1997) 
 Eve's Bayou (1997)"	" 
 Matrix, The (1999)"
" 
 Toy Story (1995) 
 Star Wars (1977) 
 Godfather, The (1972) 
 Willy Wonka and the Chocolate Factory (1971)"	" 
 Star Wars: Episode IV - A New Hope (1977)"
" 
 Toy Story (1995) 
 Mission: Impossible (1996) 
 Truth About Cats & Dogs, The (1996) 
 Broken Arrow (1996)"	" 
 Star Wars: Episode IV - A New Hope (1977)"
" 
 2001: A Space Odyssey (1968) 
 Leaving Las Vegas (1995) 
 Clerks (1994) 
 Sex, Lies, and Videotape (1989)"	" 
 Alien (1979) 
 Terminator 2: Judgment Day (1991) 
 Blade Runner (1982) 
 Fargo (1996)"
" 
 Gabbeh (1996) 
 Pillow Book, The (1995) 
 Boot, Das (1981) 
 Grosse Pointe Blank (1997)"	
" 
 Toy Story (1995) 
  Return of the Pink Panther, The (1974)"	" 
 Star Wars: Episode IV - A New Hope (1977)"
" 
 Rosewood (1997) 
  Money Talks (1997)"	
" 
 Nightmare on Elm Street, A (1984) 
 Interview with the Vampire (1994) 
 Bram Stoker's Dracula (1992) 
 Psycho (1960)"	
" 
 Man of No Importance, A (1994) 
  Grease (1978)"	
" 
 Dead Man Walking (1995) 
 Lone Star (1996) 
 In & Out (1997) 
 English Patient, The (1996)"	
" 
 Schindler's List (1993) 
 Sling Blade (1996) 
 Forrest Gump (1994) 
 Great Escape, The (1963)"	" 
 Silence of the Lambs, The (1991) 
 Forrest Gump (1994) 
 Shawshank Redemption, The (1994)"
" 
 Toy Story (1995) 
 Crying Game, The (1992) 
 Gandhi (1982) 
 Mrs. Doubtfire (1993)"	" 
 Star Wars: Episode IV - A New Hope (1977)"
" 
 Philadelphia Story, The (1940) 
 Like Water For Chocolate (Como agua para chocolate) (1992) 
 Everyone Says I Love You (1996) 
 Muriel's Wedding (1994)"	
" 
 Godfather, The (1972) 
 Sound of Music, The (1965) 
 Birds, The (1963) 
 Princess Bride, The (1987)"	" 
 Silence of the Lambs, The (1991) 
 Matrix, The (1999) 
 Star Wars: Episode V - The Empire Strikes Back (1980) 
 Star Wars: Episode IV - A New Hope (1977)"
" 
 Reservoir Dogs (1992) 
 To Be or Not to Be (1942) 
 Once Upon a Time in the West (1969) 
 Paths of Glory (1957)"	" 
 Sixth Sense, The (1999) 
 Alien (1979) 
 Seven (a.k.a. Se7en) (1995) 
 American Beauty (1999)"
" 
 Toy Story (1995) 
  Time to Kill, A (1996)"	" 
 Star Wars: Episode IV - A New Hope (1977)"
" 
 Scream (1996) 
 Silence of the Lambs, The (1991) 
 Bram Stoker's Dracula (1992) 
 Star Wars (1977)"	
" 
 Godfather: Part II, The (1974) 
  Seven (Se7en) (1995)"	" 
 American Beauty (1999) 
 Fargo (1996) 
 Star Wars: Episode VI - Return of the Jedi (1983) 
 Silence of the Lambs, The (1991)"
" 
 Dr. Strangelove or: How I Learned to Stop Worrying and Love the Bomb (1963) 
 Raise the Red Lantern (1991) 
 Roman Holiday (1953) 
 Casablanca (1942)"	
" 
 Chinatown (1974) 
  Raiders of the Lost Ark (1981)"	
" 
 One Flew Over the Cuckoo's Nest (1975) 
 Deer Hunter, The (1978) 
 Hoop Dreams (1994) 
 Dances with Wolves (1990)"	" 
 American Beauty (1999) 
 Fargo (1996) 
 Forrest Gump (1994) 
 Matrix, The (1999)"
" 
 Ulee's Gold (1997) 
 Ice Storm, The (1997) 
 L.A. Confidential (1997) 
 Cop Land (1997)"	
" 
 Wag the Dog (1997) 
  Paradise Lost: The Child Murders at Robin Hood Hills (1996) 
  Jackie Brown (1997)"	
" 
 Mrs. Brown (Her Majesty, Mrs. Brown) (1997) 
 Hurricane Streets (1998) 
 Rock, The (1996) 
 Dangerous Beauty (1998)"	
" 
 Young Frankenstein (1974) 
  Casablanca (1942)"	
" 
 Schindler's List (1993) 
 Princess Bride, The (1987) 
 Pulp Fiction (1994) 
 Leaving Las Vegas (1995)"	" 
 Silence of the Lambs, The (1991) 
 Forrest Gump (1994) 
 Shawshank Redemption, The (1994)"
" 
 Starship Troopers (1997) 
  Contact (1997)"	
" 
 Apollo 13 (1995) 
  Cat on a Hot Tin Roof (1958)"	" 
 Jurassic Park (1993) 
 Terminator 2: Judgment Day (1991) 
 Fugitive, The (1993) 
 Braveheart (1995)"
" 
 Schindler's List (1993) 
 Babe (1995) 
 Good Will Hunting (1997) 
 American President, The (1995)"	" 
 Silence of the Lambs, The (1991) 
 Forrest Gump (1994) 
 Shawshank Redemption, The (1994)"
" 
 Fargo (1996) 
  Cool Hand Luke (1967)"	" 
 Silence of the Lambs, The (1991) 
 Pulp Fiction (1994) 
 Star Wars: Episode IV - A New Hope (1977) 
 Usual Suspects, The (1995)"
" 
 Fear (1996) 
  Career Girls (1997)"	
" 
 Wings of the Dove, The (1997) 
 Jerry Maguire (1996) 
 Good Will Hunting (1997) 
 Star Wars (1977)"	
" 
 Spawn (1997) 
 Kolya (1996) 
 Mrs. Dalloway (1997) 
 Keys to Tulsa (1997)"	
" 
 Apt Pupil (1998) 
  Saint, The (1997)"	
" 
 Willy Wonka and the Chocolate Factory (1971) 
  Shawshank Redemption, The (1994)"	
" 
 L.A. Confidential (1997) 
 English Patient, The (1996) 
 Boogie Nights (1997) 
 Full Monty, The (1997)"	" 
 American Beauty (1999) 
 Fargo (1996) 
 Silence of the Lambs, The (1991) 
 Matrix, The (1999)"
" 
 When Harry Met Sally... (1989) 
  GoodFellas (1990)"	" 
 Forrest Gump (1994)"
" 
 Raising Arizona (1987) 
  GoodFellas (1990)"	
" 
 Twister (1996) 
 Mr. Holland's Opus (1995) 
 Jerry Maguire (1996) 
 Star Wars (1977)"	" 
 Independence Day (a.k.a. ID4) (1996) 
 Mission: Impossible (1996) 
 Jurassic Park (1993) 
 Toy Story (1995)"
" 
 Star Maps (1997) 
 Life Less Ordinary, A (1997) 
 Starship Troopers (1997) 
 Ma vie en rose (My Life in Pink) (1997)"	
" 
 Toy Story (1995) 
 Rudy (1993) 
 Adventures of Robin Hood, The (1938) 
 My Fair Lady (1964)"	" 
 Star Wars: Episode IV - A New Hope (1977)"
" 
 Citizen Kane (1941) 
  Killing Fields, The (1984)"	
" 
 Toy Story (1995) 
 Some Like It Hot (1959) 
 My Fair Lady (1964) 
 Apollo 13 (1995)"	" 
 Star Wars: Episode IV - A New Hope (1977)"
" 
 Primal Fear (1996) 
 Fargo (1996) 
 Contact (1997) 
 Leaving Las Vegas (1995)"	
" 
 Portrait of a Lady, The (1996) 
 Contact (1997) 
 Crash (1996) 
 Fifth Element, The (1997)"	
" 
 Toy Story (1995) 
  English Patient, The (1996) 
  People vs. Larry Flynt, The (1996)"	" 
 Star Wars: Episode IV - A New Hope (1977)"
" 
 Soul Food (1997) 
  Love! Valour! Compassion! (1997)"	
" 
 Peacemaker, The (1997) 
  Titanic (1997)"	
" 
 Three Colors: Red (1994) 
  Piano, The (1993) 
  All About Eve (1950)"	
" 
 Heat (1995) 
  English Patient, The (1996)"	" 
 Terminator 2: Judgment Day (1991) 
 Seven (a.k.a. Se7en) (1995) 
 Twelve Monkeys (a.k.a. 12 Monkeys) (1995) 
 Fugitive, The (1993)"
" 
 To Kill a Mockingbird (1962) 
 Schindler's List (1993) 
 Seventh Seal, The (Sjunde inseglet, Det) (1957) 
 Secret of Roan Inish, The (1994)"	
" 
 Eye for an Eye (1996) 
 Family Thing, A (1996) 
 Nutty Professor, The (1996) 
 Matilda (1996)"	
" 
 Blade Runner (1982) 
 Glengarry Glen Ross (1992) 
 Reservoir Dogs (1992) 
 2001: A Space Odyssey (1968)"	" 
 Jurassic Park (1993) 
 Terminator, The (1984) 
 Alien (1979) 
 Terminator 2: Judgment Day (1991)"
" 
 Washington Square (1997) 
  U Turn (1997)"	
" 
 Saint, The (1997) 
  Fallen (1998) 
  Conspiracy Theory (1997)"	
" 
 Shawshank Redemption, The (1994) 
 Kicking and Screaming (1995) 
 Better Off Dead... (1985) 
 Empire Strikes Back, The (1980)"	
" 
 Birdcage, The (1996) 
  Jerry Maguire (1996)"	
" 
 In & Out (1997) 
  Mad City (1997)"	
" 
 Contact (1997) 
 Postino, Il (1994) 
 Romy and Michele's High School Reunion (1997) 
 Saint, The (1997)"	
" 
 Toy Story (1995) 
 Black Sheep (1996) 
 Lost Highway (1997) 
 Othello (1995)"	" 
 Star Wars: Episode IV - A New Hope (1977)"
" 
 Brazil (1985) 
  Annie Hall (1977) 
  In the Company of Men (1997)"	
" 
 Searching for Bobby Fischer (1993) 
 Raising Arizona (1987) 
 Glory (1989) 
 E.T. the Extra-Terrestrial (1982)"	
" 
 Spice World (1997) 
  Saint, The (1997)"	
" 
 Conan the Barbarian (1981) 
 Empire Strikes Back, The (1980) 
 Clerks (1994) 
 Much Ado About Nothing (1993)"	
" 
 Toy Story (1995) 
 Godfather, The (1972) 
 Leaving Las Vegas (1995) 
 Fargo (1996)"	" 
 Star Wars: Episode IV - A New Hope (1977)"
" 
 Phenomenon (1996) 
  My Best Friend's Wedding (1997)"	
" 
 Toy Story (1995) 
  Cyrano de Bergerac (1990)"	" 
 Star Wars: Episode IV - A New Hope (1977)"
" 
 Bridge on the River Kwai, The (1957) 
 Local Hero (1983) 
 Rebel Without a Cause (1955) 
 African Queen, The (1951)"	
" 
 Blade Runner (1982) 
 Schindler's List (1993) 
 Sling Blade (1996) 
 Bullets Over Broadway (1994)"	" 
 Jurassic Park (1993) 
 Terminator, The (1984) 
 Alien (1979) 
 Terminator 2: Judgment Day (1991)"
" 
 Empire Strikes Back, The (1980) 
 Kama Sutra: A Tale of Love (1996) 
 Mallrats (1995) 
 Farewell My Concubine (1993)"	
" 
 Little Women (1994) 
 Conspiracy Theory (1997) 
 Devil's Own, The (1997) 
 Anastasia (1997)"	
" 
 12 Angry Men (1957) 
 As Good As It Gets (1997) 
 Wedding Singer, The (1998) 
 Wag the Dog (1997)"	
" 
 McHale's Navy (1997) 
  Flubber (1997) 
  Jungle2Jungle (1997)"	
" 
 Toy Story (1995) 
  As Good As It Gets (1997)"	" 
 Star Wars: Episode IV - A New Hope (1977)"
" 
 Apollo 13 (1995) 
  Truth About Cats & Dogs, The (1996)"	" 
 Jurassic Park (1993) 
 Terminator 2: Judgment Day (1991) 
 Fugitive, The (1993) 
 Braveheart (1995)"
" 
 Spitfire Grill, The (1996) 
 2001: A Space Odyssey (1968) 
 Lawrence of Arabia (1962) 
 Godfather, The (1972)"	
" 
 Fargo (1996) 
  People vs. Larry Flynt, The (1996)"	" 
 Silence of the Lambs, The (1991) 
 Pulp Fiction (1994) 
 Star Wars: Episode IV - A New Hope (1977) 
 Usual Suspects, The (1995)"
" 
 Time to Kill, A (1996) 
 Return of the Jedi (1983) 
 Lost World: Jurassic Park, The (1997) 
 Fifth Element, The (1997)"	
" 
 English Patient, The (1996) 
  Face/Off (1997)"	
" 
 People vs. Larry Flynt, The (1996) 
  Star Wars (1977)"	
" 
 Toy Story (1995)"	" 
 Star Wars: Episode IV - A New Hope (1977)"
" 
 Chasing Amy (1997) 
 Fargo (1996) 
 Chasing Amy (1997) 
 Shanghai Triad (Yao a yao yao dao waipo qiao) (1995)"	
" 
 Magnificent Seven, The (1954) 
 Nikita (La Femme Nikita) (1990) 
 Unbearable Lightness of Being, The (1988) 
 Cinema Paradiso (1988)"	
" 
 Desperate Measures (1998) 
 Deceiver (1997) 
 George of the Jungle (1997) 
 Assignment, The (1997)"	
" 
 American Werewolf in London, An (1981) 
 Taxi Driver (1976) 
 Game, The (1997) 
 Cop Land (1997)"	
" 
 Star Wars (1977) 
 Edge, The (1997) 
 Phenomenon (1996) 
 Toy Story (1995)"	
" 
 Notorious (1946) 
  2001: A Space Odyssey (1968)"	
" 
 Boogie Nights (1997) 
 Die Hard (1988) 
 When Harry Met Sally... (1989) 
 Jerry Maguire (1996)"	
" 
 Primal Fear (1996) 
  Forrest Gump (1994)"	
" 
 Wrong Trousers, The (1993) 
  Godfather, The (1972) 
  Lone Star (1996)"	
" 
 Wedding Singer, The (1998) 
 Air Force One (1997) 
 Murder at 1600 (1997) 
 Good Will Hunting (1997)"	
" 
 Rock, The (1996) 
  Face/Off (1997) 
  Con Air (1997)"	" 
 Independence Day (a.k.a. ID4) (1996) 
 Mission: Impossible (1996) 
 Jurassic Park (1993) 
 Terminator 2: Judgment Day (1991)"
" 
 Wrong Trousers, The (1993) 
 Amadeus (1984) 
 Bottle Rocket (1996) 
 Donnie Brasco (1997)"	
" 
 While You Were Sleeping (1995) 
 Heathers (1989) 
 Sleepers (1996) 
 Godfather, The (1972)"	" 
 Batman (1989) 
 True Lies (1994) 
 Jurassic Park (1993) 
 Aladdin (1992)"
" 
 Unbearable Lightness of Being, The (1988) 
  Day the Earth Stood Still, The (1951)"	
" 
 Don't Be a Menace to South Central While Drinking Your Juice in the Hood (1996) 
 Bulletproof (1996) 
 Liar Liar (1997) 
 Bogus (1996)"	
" 
 Apt Pupil (1998) 
 Independence Day (ID4) (1996) 
 Georgia (1995) 
 Good Will Hunting (1997)"	
" 
 Apt Pupil (1998) 
  In & Out (1997)"	
" 
 Pulp Fiction (1994) 
 M*A*S*H (1970) 
 Some Like It Hot (1959) 
 Lawrence of Arabia (1962)"	" 
 Silence of the Lambs, The (1991)"
" 
 Killing Fields, The (1984) 
 Amistad (1997) 
 Apostle, The (1997) 
 Rainmaker, The (1997)"	
" 
 To Kill a Mockingbird (1962) 
 Silence of the Lambs, The (1991) 
 12 Angry Men (1957) 
 Batman (1989)"	
" 
 Snow White and the Seven Dwarfs (1937) 
  Wallace & Gromit: The Best of Aardman Animation (1996) 
  Taxi Driver (1976)"	" 
 Lion King, The (1994)"
" 
 Wrong Trousers, The (1993) 
  Chasing Amy (1997)"	
" 
 Toy Story (1995) 
 Schindler's List (1993) 
 GoodFellas (1990) 
 Donnie Brasco (1997)"	" 
 Star Wars: Episode IV - A New Hope (1977)"
" 
 That Thing You Do! (1996) 
 Independence Day (ID4) (1996) 
 Conspiracy Theory (1997) 
 Game, The (1997)"	
" 
 Lawrence of Arabia (1962) 
  Seventh Seal, The (Sjunde inseglet, Det) (1957)"	
" 
 Conspiracy Theory (1997) 
 Titanic (1997) 
 Star Wars (1977) 
 Dante's Peak (1997)"	
" 
 Absolute Power (1997) 
 Star Trek III: The Search for Spock (1984) 
 Titanic (1997) 
 Air Force One (1997)"	
" 
 Toy Story (1995) 
 Aliens (1986) 
 Pulp Fiction (1994) 
 Fugitive, The (1993)"	" 
 Star Wars: Episode IV - A New Hope (1977)"
" 
 Toy Story (1995) 
  Butch Cassidy and the Sundance Kid (1969)"	" 
 Star Wars: Episode IV - A New Hope (1977)"
" 
 Remains of the Day, The (1993) 
 Apostle, The (1997) 
 Margaret's Museum (1995) 
 All About Eve (1950)"	
" 
 Seven (Se7en) (1995) 
  Monty Python's Life of Brian (1979) 
  Manon of the Spring (Manon des sources) (1986)"	
" 
 Chasing Amy (1997) 
 Fargo (1996) 
 Chasing Amy (1997) 
 Leaving Las Vegas (1995)"	
" 
 Godfather, The (1972) 
 Contact (1997) 
 Dr. Strangelove or: How I Learned to Stop Worrying and Love the Bomb (1963) 
 Raging Bull (1980)"	" 
 Silence of the Lambs, The (1991) 
 Matrix, The (1999) 
 Star Wars: Episode V - The Empire Strikes Back (1980) 
 Star Wars: Episode IV - A New Hope (1977)"
" 
 Toy Story (1995) 
  Princess Bride, The (1987)"	" 
 Star Wars: Episode IV - A New Hope (1977)"
" 
 As Good As It Gets (1997) 
  Apt Pupil (1998)"	
" 
 Gone with the Wind (1939) 
 It's a Wonderful Life (1946) 
 Ghost (1990) 
 Wizard of Oz, The (1939)"	
" 
 Dante's Peak (1997) 
 Anna Karenina (1997) 
 Anne Frank Remembered (1995) 
 Evita (1996)"	
" 
 Butch Cassidy and the Sundance Kid (1969) 
  Birdcage, The (1996) 
  Victor/Victoria (1982)"	
" 
 Dumbo (1941) 
 Like Water For Chocolate (Como agua para chocolate) (1992) 
 Adventures of Priscilla, Queen of the Desert, The (1994) 
 Pinocchio (1940)"	
" 
 Alien (1979) 
 Psycho (1960) 
 L.A. Confidential (1997) 
 Jaws (1975)"	" 
 Aliens (1986) 
 Terminator 2: Judgment Day (1991) 
 American Beauty (1999) 
 Star Wars: Episode VI - Return of the Jedi (1983)"
" 
 Pulp Fiction (1994) 
  While You Were Sleeping (1995)"	" 
 Silence of the Lambs, The (1991)"
" 
 Toy Story (1995) 
  This Is Spinal Tap (1984) 
  Amadeus (1984)"	" 
 Star Wars: Episode IV - A New Hope (1977)"
" 
 English Patient, The (1996) 
  Oscar & Lucinda (1997)"	
" 
 Rear Window (1954) 
  Trees Lounge (1996)"	" 
 Silence of the Lambs, The (1991) 
 Godfather, The (1972)"
" 
 Contact (1997) 
 Good Will Hunting (1997) 
 Heathers (1989) 
 L.A. Confidential (1997)"	
" 
 Casablanca (1942) 
  Blade Runner (1982)"	" 
 Fargo (1996) 
 Silence of the Lambs, The (1991) 
 Raiders of the Lost Ark (Indiana Jones and the Raiders of the Lost Ark) (1981) 
 Star Wars: Episode V - The Empire Strikes Back (1980)"
" 
 Crimson Tide (1995) 
 Princess Bride, The (1987) 
 Fugitive, The (1993) 
 Back to the Future (1985)"	" 
 Batman (1989) 
 True Lies (1994) 
 Speed (1994) 
 Die Hard: With a Vengeance (1995)"
" 
 Rebecca (1940) 
 Sound of Music, The (1965) 
 My Fair Lady (1964) 
 Schindler's List (1993)"	
" 
 City of Lost Children, The (1995) 
 Trainspotting (1996) 
 Donnie Brasco (1997) 
 Star Wars (1977)"	
" 
 Toy Story (1995) 
 Apollo 13 (1995) 
 Sneakers (1992) 
 Better Off Dead... (1985)"	" 
 Star Wars: Episode IV - A New Hope (1977)"
" 
 Sting, The (1973) 
 Devil's Advocate, The (1997) 
 Breakdown (1997) 
 Singin' in the Rain (1952)"	
" 
 Toy Story (1995) 
  Orlando (1993)"	" 
 Star Wars: Episode IV - A New Hope (1977)"
" 
 North by Northwest (1959) 
 Belle de jour (1967) 
 Supercop (1992) 
 Vertigo (1958)"	
" 
 High Noon (1952) 
  Crumb (1994)"	
" 
 Casablanca (1942) 
 2001: A Space Odyssey (1968) 
 Wrong Trousers, The (1993) 
 Harold and Maude (1971)"	" 
 Fargo (1996) 
 Silence of the Lambs, The (1991) 
 Raiders of the Lost Ark (Indiana Jones and the Raiders of the Lost Ark) (1981) 
 Star Wars: Episode V - The Empire Strikes Back (1980)"
" 
 Room with a View, A (1986) 
 Henry V (1989) 
 Jean de Florette (1986) 
 Manon of the Spring (Manon des sources) (1986)"	
" 
 Toy Story (1995) 
 Psycho (1960) 
 Kids (1995) 
 Philadelphia (1993)"	" 
 Star Wars: Episode IV - A New Hope (1977)"
" 
 Shine (1996) 
  Titanic (1997) 
  Secrets & Lies (1996)"	
" 
 Long Kiss Goodnight, The (1996) 
  Birdcage, The (1996) 
  North by Northwest (1959)"	
" 
 Jackal, The (1997) 
 Good Will Hunting (1997) 
 Contact (1997) 
 Game, The (1997)"	
" 
 Back to the Future (1985) 
 Star Wars (1977) 
 Butch Cassidy and the Sundance Kid (1969) 
 Sense and Sensibility (1995)"	" 
 Jurassic Park (1993) 
 Toy Story (1995) 
 Star Wars: Episode VI - Return of the Jedi (1983) 
 Forrest Gump (1994)"
" 
 Birdcage, The (1996) 
 Leaving Las Vegas (1995) 
 Willy Wonka and the Chocolate Factory (1971) 
 Full Monty, The (1997)"	
" 
 To Kill a Mockingbird (1962) 
 Lone Star (1996) 
 Apt Pupil (1998) 
 Apostle, The (1997)"	
" 
 Murder at 1600 (1997) 
  Rosewood (1997)"	
" 
 Tin Cup (1996) 
  Angels and Insects (1995)"	
" 
 Liar Liar (1997) 
 Titanic (1997) 
 Scream 2 (1997) 
 Good Will Hunting (1997)"	
" 
 Shall We Dance? (1996) 
 Lone Star (1996) 
 Sense and Sensibility (1995) 
 Henry V (1989)"	
" 
 Rosewood (1997) 
 Devil's Own, The (1997) 
 Gattaca (1997) 
 Full Monty, The (1997)"	
" 
 Titanic (1997) 
 Raise the Red Lantern (1991) 
 English Patient, The (1996) 
 Good Will Hunting (1997)"	" 
 Matrix, The (1999)"
" 
 English Patient, The (1996) 
 Game, The (1997) 
 Money Talks (1997) 
 Fargo (1996)"	
" 
 Manon of the Spring (Manon des sources) (1986) 
 Cyrano de Bergerac (1990) 
 This Is Spinal Tap (1984) 
 Room with a View, A (1986)"	
" 
 L.A. Confidential (1997) 
  Full Monty, The (1997)"	" 
 American Beauty (1999) 
 Fargo (1996) 
 Silence of the Lambs, The (1991) 
 Matrix, The (1999)"
" 
 Fargo (1996) 
 Secrets & Lies (1996) 
 Shawshank Redemption, The (1994) 
 Amadeus (1984)"	" 
 Silence of the Lambs, The (1991) 
 Pulp Fiction (1994) 
 Star Wars: Episode IV - A New Hope (1977) 
 Usual Suspects, The (1995)"
" 
 Toy Story (1995) 
  Deer Hunter, The (1978)"	" 
 Star Wars: Episode IV - A New Hope (1977)"
" 
 Paradise Lost: The Child Murders at Robin Hood Hills (1996) 
 Psycho (1960) 
 Raging Bull (1980) 
 Shining, The (1980)"	
" 
 Emma (1996) 
  Anna (1996)"	
" 
 Titanic (1997) 
 Contact (1997) 
 In & Out (1997) 
 Scream 2 (1997)"	" 
 Matrix, The (1999)"
" 
 Air Force One (1997) 
 Men in Black (1997) 
 Independence Day (ID4) (1996) 
 G.I. Jane (1997)"	
" 
 Dante's Peak (1997) 
  GoodFellas (1990)"	
" 
 Fantasia (1940) 
  Terminator, The (1984)"	
" 
 Lone Star (1996) 
 Spitfire Grill, The (1996) 
 Fargo (1996) 
 Big Night (1996)"	
" 
 Scream (1996) 
  Sling Blade (1996)"	
" 
 Money Talks (1997) 
  Jungle2Jungle (1997)"	
" 
 12 Angry Men (1957) 
  Jerry Maguire (1996) 
  Contact (1997)"	
" 
 Titanic (1997) 
  Gattaca (1997) 
  L.A. Confidential (1997)"	" 
 Matrix, The (1999)"
" 
 Persuasion (1995) 
 Once Were Warriors (1994) 
 Room with a View, A (1986) 
 Enchanted April (1991)"	
" 
 Toy Story (1995) 
 Star Wars (1977) 
 Contact (1997) 
 Boot, Das (1981)"	" 
 Star Wars: Episode IV - A New Hope (1977)"
" 
 Mary Poppins (1964) 
  Clockwork Orange, A (1971)"	
" 
 Arsenic and Old Lace (1944) 
 Graduate, The (1967) 
 Everyone Says I Love You (1996) 
 Silence of the Lambs, The (1991)"	
" 
 My Fair Lady (1964) 
  Vanya on 42nd Street (1994)"	
" 
 Toy Story (1995) 
  Mr. Holland's Opus (1995)"	" 
 Star Wars: Episode IV - A New Hope (1977)"
" 
 Godfather: Part II, The (1974) 
 Ransom (1996) 
 Bringing Up Baby (1938) 
 Groundhog Day (1993)"	" 
 American Beauty (1999) 
 Fargo (1996) 
 Star Wars: Episode VI - Return of the Jedi (1983) 
 Silence of the Lambs, The (1991)"
" 
 Dead Poets Society (1989) 
  Schindler's List (1993)"	" 
 Forrest Gump (1994)"
" 
 Frighteners, The (1996) 
  Fargo (1996)"	
" 
 187 (1997) 
 Peacemaker, The (1997) 
 Desperate Measures (1998) 
 Duoluo tianshi (1995)"	
" 
 Toy Story (1995) 
  Fargo (1996)"	" 
 Star Wars: Episode IV - A New Hope (1977)"
" 
 Sound of Music, The (1965) 
  Manchurian Candidate, The (1962)"	
" 
 Groundhog Day (1993) 
  Leaving Las Vegas (1995)"	" 
 Jurassic Park (1993) 
 Toy Story (1995) 
 Back to the Future (1985) 
 American Beauty (1999)"
" 
 Chain Reaction (1996) 
 Twister (1996) 
 Shining, The (1980) 
 Independence Day (ID4) (1996)"	
" 
 Big Night (1996) 
  Welcome to the Dollhouse (1995)"	
" 
 Star Trek: First Contact (1996) 
 Titanic (1997) 
 Screamers (1995) 
 Fargo (1996)"	" 
 Star Wars: Episode IV - A New Hope (1977)"
" 
 Princess Bride, The (1987) 
 Return of the Jedi (1983) 
 Star Wars (1977) 
 E.T. the Extra-Terrestrial (1982)"	" 
 Back to the Future (1985) 
 Star Wars: Episode VI - Return of the Jedi (1983) 
 Matrix, The (1999) 
 Raiders of the Lost Ark (Indiana Jones and the Raiders of the Lost Ark) (1981)"
" 
 Toy Story (1995) 
  Shining, The (1980)"	" 
 Star Wars: Episode IV - A New Hope (1977)"
" 
 Fly Away Home (1996) 
 Mr. Holland's Opus (1995) 
 Excess Baggage (1997) 
 Secrets & Lies (1996)"	
" 
 Apt Pupil (1998) 
 Excess Baggage (1997) 
 Good Will Hunting (1997) 
 Seven Years in Tibet (1997)"	
" 
 Rainmaker, The (1997) 
 Titanic (1997) 
 Good Will Hunting (1997) 
 MatchMaker, The (1997)"	
" 
 Cement Garden, The (1993) 
 City of Lost Children, The (1995) 
 Celluloid Closet, The (1995) 
 Faust (1994)"	
" 
 Paradise Lost: The Child Murders at Robin Hood Hills (1996) 
 Bram Stoker's Dracula (1992) 
 Titanic (1997) 
 Alien (1979)"	
" 
 One Flew Over the Cuckoo's Nest (1975) 
 To Kill a Mockingbird (1962) 
 Raging Bull (1980) 
 Sting, The (1973)"	" 
 American Beauty (1999) 
 Fargo (1996) 
 Forrest Gump (1994) 
 Matrix, The (1999)"
" 
 Bram Stoker's Dracula (1992) 
 Top Gun (1986) 
 Braveheart (1995) 
 Scream (1996)"	
" 
 Star Trek: The Wrath of Khan (1982) 
 Titanic (1997) 
 Star Trek VI: The Undiscovered Country (1991) 
 Wallace & Gromit: The Best of Aardman Animation (1996)"	
" 
 Private Parts (1997) 
  Cable Guy, The (1996)"	
" 
 Titanic (1997) 
 English Patient, The (1996) 
 Amistad (1997) 
 Good Will Hunting (1997)"	" 
 Matrix, The (1999)"
" 
 Scream (1996) 
 2001: A Space Odyssey (1968) 
 For Whom the Bell Tolls (1943) 
 Schindler's List (1993)"	
" 
 Rock, The (1996) 
 Ransom (1996) 
 Happy Gilmore (1996) 
 Truth About Cats & Dogs, The (1996)"	" 
 Independence Day (a.k.a. ID4) (1996) 
 Mission: Impossible (1996) 
 Jurassic Park (1993) 
 Terminator 2: Judgment Day (1991)"
" 
 Contact (1997) 
 Game, The (1997) 
 Full Monty, The (1997) 
 Winter Guest, The (1997)"	
" 
 I.Q. (1994) 
  Empire Strikes Back, The (1980) 
  Magnificent Seven, The (1954)"	
" 
 Bullets Over Broadway (1994) 
  Sting, The (1973)"	
" 
 Toy Story (1995) 
  This Is Spinal Tap (1984) 
  Shawshank Redemption, The (1994)"	" 
 Star Wars: Episode IV - A New Hope (1977)"
" 
 Edge, The (1997) 
  Apt Pupil (1998)"	
" 
 Thin Man, The (1934) 
  Psycho (1960)"	
" 
 Raging Bull (1980) 
 Clockwork Orange, A (1971) 
 2001: A Space Odyssey (1968) 
 North by Northwest (1959)"	
" 
 Die Hard 2 (1990) 
 Back to the Future (1985) 
 Indiana Jones and the Last Crusade (1989) 
 Pink Floyd - The Wall (1982)"	
" 
 Monty Python and the Holy Grail (1974) 
 Princess Bride, The (1987) 
 Fugitive, The (1993) 
 Rear Window (1954)"	
" 
 Toy Story (1995) 
  Silence of the Lambs, The (1991)"	" 
 Star Wars: Episode IV - A New Hope (1977)"
" 
 Boot, Das (1981) 
 Fargo (1996) 
 Dead Man Walking (1995) 
 Star Wars (1977)"	
" 
 Big Night (1996) 
  Lone Star (1996)"	
" 
 Lawrence of Arabia (1962) 
  Koyaanisqatsi (1983)"	
" 
 Independence Day (ID4) (1996) 
  Phenomenon (1996)"	
" 
 Ice Storm, The (1997) 
  In & Out (1997) 
  Liar Liar (1997)"	
" 
 Pretty Woman (1990) 
  I.Q. (1994)"	" 
 Mrs. Doubtfire (1993) 
 Speed (1994) 
 Jurassic Park (1993) 
 Aladdin (1992)"
" 
 Ice Storm, The (1997) 
 Fantasia (1940) 
 Lawrence of Arabia (1962) 
 Third Man, The (1949)"	
" 
 Michael (1996) 
 Silence of the Lambs, The (1991) 
 Sling Blade (1996) 
 Fried Green Tomatoes (1991)"	
" 
 Toy Story (1995) 
  Fantasia (1940) 
  Titanic (1997)"	" 
 Star Wars: Episode IV - A New Hope (1977)"
" 
 This Is Spinal Tap (1984) 
 Forrest Gump (1994) 
 Delicatessen (1991) 
 Cop Land (1997)"	
" 
 Pink Floyd - The Wall (1982) 
 Apocalypse Now (1979) 
 Princess Bride, The (1987) 
 Cook the Thief His Wife & Her Lover, The (1989)"	
" 
 Fallen (1998) 
 Midnight in the Garden of Good and Evil (1997) 
 Jackal, The (1997) 
 Air Force One (1997)"	
" 
 Diva (1981) 
 Cinema Paradiso (1988) 
 Belle de jour (1967) 
 Four Weddings and a Funeral (1994)"	
" 
 Mystery Science Theater 3000: The Movie (1996)"	
" 
 Patton (1970) 
 Boot, Das (1981) 
 Shining, The (1980) 
 Evil Dead II (1987)"	
" 
 Toy Story (1995) 
 One Flew Over the Cuckoo's Nest (1975) 
 Heavy Metal (1981) 
 Wizard of Oz, The (1939)"	" 
 Star Wars: Episode IV - A New Hope (1977)"
" 
 Close Shave, A (1995) 
 Wrong Trousers, The (1993) 
 Much Ado About Nothing (1993) 
 Hunt for Red October, The (1990)"	
" 
 Godfather, The (1972) 
  Remains of the Day, The (1993) 
  One Flew Over the Cuckoo's Nest (1975)"	" 
 Silence of the Lambs, The (1991) 
 Matrix, The (1999) 
 Star Wars: Episode V - The Empire Strikes Back (1980) 
 Star Wars: Episode IV - A New Hope (1977)"
" 
 Jerry Maguire (1996) 
 Babe (1995) 
 Better Off Dead... (1985) 
 Field of Dreams (1989)"	" 
 Forrest Gump (1994)"
" 
 Lawrence of Arabia (1962) 
  Glory (1989) 
  Godfather, The (1972)"	
" 
 Good Will Hunting (1997) 
  Titanic (1997)"	" 
 American Beauty (1999) 
 Silence of the Lambs, The (1991) 
 Forrest Gump (1994) 
 Matrix, The (1999)"
" 
 Die Hard (1988) 
  Godfather, The (1972)"	" 
 Jurassic Park (1993) 
 Terminator, The (1984) 
 Terminator 2: Judgment Day (1991) 
 Back to the Future (1985)"
" 
 Grosse Pointe Blank (1997) 
 Star Wars (1977) 
 Titanic (1997) 
 Dr. Strangelove or: How I Learned to Stop Worrying and Love the Bomb (1963)"	
" 
 Aliens (1986) 
 Rear Window (1954) 
 Contact (1997) 
 Fifth Element, The (1997)"	" 
 Jurassic Park (1993) 
 Terminator, The (1984) 
 Alien (1979) 
 Terminator 2: Judgment Day (1991)"
" 
 Terminator 2: Judgment Day (1991) 
  Princess Bride, The (1987) 
  Groundhog Day (1993)"	" 
 Jurassic Park (1993) 
 Braveheart (1995) 
 Star Wars: Episode IV - A New Hope (1977)"
" 
 Short Cuts (1993) 
  Vertigo (1958)"	
" 
 Spitfire Grill, The (1996) 
  Phenomenon (1996) 
  Absolute Power (1997)"	
" 
 First Wives Club, The (1996) 
 Birdcage, The (1996) 
 Boot, Das (1981) 
 Sense and Sensibility (1995)"	
" 
 Toy Story (1995) 
 Raiders of the Lost Ark (1981) 
 Indiana Jones and the Last Crusade (1989) 
 Patton (1970)"	" 
 Star Wars: Episode IV - A New Hope (1977)"
" 
 Silence of the Lambs, The (1991) 
  Contact (1997)"	" 
 Pulp Fiction (1994)"
" 
 Toy Story (1995) 
 Conspiracy Theory (1997) 
 Raiders of the Lost Ark (1981) 
 Lost in Space (1998)"	" 
 Star Wars: Episode IV - A New Hope (1977)"
" 
 Alien (1979) 
  Mirror Has Two Faces, The (1996)"	" 
 Aliens (1986) 
 Terminator 2: Judgment Day (1991) 
 American Beauty (1999) 
 Star Wars: Episode VI - Return of the Jedi (1983)"
" 
 Saint, The (1997) 
  Seven Years in Tibet (1997)"	
" 
 House of Yes, The (1997) 
  Liar Liar (1997) 
  Ice Storm, The (1997)"	
" 
 Toy Story (1995) 
  Shall We Dance? (1937)"	" 
 Star Wars: Episode IV - A New Hope (1977)"
" 
 Men in Black (1997) 
 Jerry Maguire (1996) 
 Mother (1996) 
 Star Wars (1977)"	
" 
 Chinatown (1974) 
  Alien (1979)"	
" 
 Contact (1997) 
 Men in Black (1997) 
 Full Monty, The (1997) 
 Private Parts (1997)"	
" 
 Indiana Jones and the Last Crusade (1989) 
  Butch Cassidy and the Sundance Kid (1969)"	" 
 Indiana Jones and the Temple of Doom (1984) 
 Jurassic Park (1993) 
 Die Hard (1988) 
 Terminator, The (1984)"
" 
 Spitfire Grill, The (1996) 
  Courage Under Fire (1996)"	
" 
 Henry V (1989) 
 Blade Runner (1982) 
 L.A. Confidential (1997) 
 Man Who Would Be King, The (1975)"	
" 
 Swingers (1996) 
 Sleepers (1996) 
 My Best Friend's Wedding (1997) 
 Men in Black (1997)"	
" 
 Shawshank Redemption, The (1994) 
 Bram Stoker's Dracula (1992) 
 Adventures of Robin Hood, The (1938) 
 Lion King, The (1994)"	
" 
 To Kill a Mockingbird (1962) 
 Fugitive, The (1993) 
 Schindler's List (1993) 
 Glory (1989)"	
" 
 It's a Wonderful Life (1946) 
  2001: A Space Odyssey (1968)"	
" 
 Titanic (1997) 
 Gone with the Wind (1939) 
 Short Cuts (1993) 
 Rudy (1993)"	" 
 Matrix, The (1999)"
" 
 Toy Story (1995) 
  Psycho (1960)"	" 
 Star Wars: Episode IV - A New Hope (1977)"
" 
 Back to the Future (1985) 
 Kingpin (1996) 
 Toy Story (1995) 
 Very Brady Sequel, A (1996)"	" 
 Jurassic Park (1993) 
 Toy Story (1995) 
 Star Wars: Episode VI - Return of the Jedi (1983) 
 Forrest Gump (1994)"
" 
 Butch Cassidy and the Sundance Kid (1969) 
 When Harry Met Sally... (1989) 
 Fish Called Wanda, A (1988) 
 Remains of the Day, The (1993)"	
" 
 Toy Story (1995) 
 Princess Bride, The (1987) 
 Ben-Hur (1959) 
 Great Escape, The (1963)"	" 
 Star Wars: Episode IV - A New Hope (1977)"
" 
 Bridges of Madison County, The (1995) 
  When Harry Met Sally... (1989)"	
" 
 Private Parts (1997) 
  Face/Off (1997) 
  Godfather, The (1972)"	
" 
 Wizard of Oz, The (1939) 
  Candidate, The (1972)"	" 
 Silence of the Lambs, The (1991) 
 Raiders of the Lost Ark (Indiana Jones and the Raiders of the Lost Ark) (1981) 
 Star Wars: Episode V - The Empire Strikes Back (1980) 
 Star Wars: Episode IV - A New Hope (1977)"
" 
 Titanic (1997) 
  Saint, The (1997)"	" 
 Matrix, The (1999)"
" 
 187 (1997) 
 Kolya (1996) 
 Indian Summer (1996) 
 Contact (1997)"	
" 
 Speed (1994) 
 Forrest Gump (1994) 
 When Harry Met Sally... (1989) 
 Sling Blade (1996)"	" 
 Batman (1989) 
 True Lies (1994) 
 Jurassic Park (1993) 
 Aladdin (1992)"
" 
 Roman Holiday (1953)"	
" 
 Jurassic Park (1993) 
  Forrest Gump (1994) 
  Rock, The (1996)"	" 
 Terminator 2: Judgment Day (1991) 
 Fugitive, The (1993) 
 Braveheart (1995) 
 Forrest Gump (1994)"
" 
 Toy Story (1995) 
  Mr. Holland's Opus (1995)"	" 
 Star Wars: Episode IV - A New Hope (1977)"
" 
 Jane Eyre (1996) 
  Incognito (1997) 
  Chasing Amy (1997)"	
" 
 Treasure of the Sierra Madre, The (1948) 
 Casablanca (1942) 
 Brazil (1985) 
 Stand by Me (1986)"	
" 
 Murder at 1600 (1997) 
  Titanic (1997) 
  Dante's Peak (1997)"	
" 
 It Happened One Night (1934) 
  Local Hero (1983) 
  Contact (1997)"	
" 
 Piano, The (1993) 
  Adventures of Priscilla, Queen of the Desert, The (1994)"	
" 
 Full Monty, The (1997) 
  Secrets & Lies (1996)"	
" 
 Until the End of the World (Bis ans Ende der Welt) (1991) 
 Dead Man Walking (1995) 
 Cop Land (1997) 
 Titanic (1997)"	
" 
 Toy Story (1995) 
 Back to the Future (1985) 
 Close Shave, A (1995) 
 Magnificent Seven, The (1954)"	" 
 Star Wars: Episode IV - A New Hope (1977)"
" 
 2001: A Space Odyssey (1968) 
  Jaws (1975)"	" 
 Alien (1979) 
 Terminator 2: Judgment Day (1991) 
 Blade Runner (1982) 
 Fargo (1996)"
" 
 Grumpier Old Men (1995) 
  Homeward Bound II: Lost in San Francisco (1996) 
  Flipper (1996)"	
" 
 Rosewood (1997) 
  Cinema Paradiso (1988)"	
" 
 Being There (1979) 
  English Patient, The (1996)"	
" 
 Mrs. Brown (Her Majesty, Mrs. Brown) (1997) 
  English Patient, The (1996)"	
" 
 Full Monty, The (1997) 
  Godfather, The (1972) 
  Mother (1996)"	
" 
 Chasing Amy (1997) 
  Mrs. Brown (Her Majesty, Mrs. Brown) (1997)"	
" 
 Raising Arizona (1987) 
  Star Wars (1977)"	
" 
 Star Wars (1977) 
  My Best Friend's Wedding (1997)"	
" 
 Toy Story (1995) 
  Die xue shuang xiong (Killer, The) (1989)"	" 
 Star Wars: Episode IV - A New Hope (1977)"
" 
 Titanic (1997) 
  Raiders of the Lost Ark (1981)"	" 
 Matrix, The (1999)"
" 
 Jumanji (1995) 
 White Squall (1996) 
 Strictly Ballroom (1992) 
 Homeward Bound: The Incredible Journey (1993)"	" 
 Batman (1989) 
 True Lies (1994) 
 Speed (1994) 
 Jurassic Park (1993)"
" 
 Kolya (1996) 
 Antonia's Line (1995) 
 In & Out (1997) 
 Adventures of Priscilla, Queen of the Desert, The (1994)"	
" 
 Liar Liar (1997) 
 Event Horizon (1997) 
 Scream (1996) 
 Edge, The (1997)"	
" 
 In the Line of Fire (1993) 
 Much Ado About Nothing (1993) 
 Godfather, The (1972) 
 2001: A Space Odyssey (1968)"	" 
 Fugitive, The (1993)"
" 
 Titanic (1997) 
  Silence of the Lambs, The (1991)"	" 
 Matrix, The (1999)"
" 
 Godfather, The (1972) 
 Pulp Fiction (1994) 
 Boot, Das (1981) 
 Willy Wonka and the Chocolate Factory (1971)"	" 
 Silence of the Lambs, The (1991) 
 Matrix, The (1999) 
 Star Wars: Episode V - The Empire Strikes Back (1980) 
 Star Wars: Episode IV - A New Hope (1977)"
" 
 Princess Bride, The (1987) 
 Monty Python and the Holy Grail (1974) 
 Willy Wonka and the Chocolate Factory (1971) 
 Men in Black (1997)"	" 
 Back to the Future (1985) 
 Star Wars: Episode VI - Return of the Jedi (1983) 
 Matrix, The (1999) 
 Raiders of the Lost Ark (Indiana Jones and the Raiders of the Lost Ark) (1981)"
" 
 Godfather, The (1972) 
  Shining, The (1980)"	" 
 Silence of the Lambs, The (1991) 
 Matrix, The (1999) 
 Star Wars: Episode V - The Empire Strikes Back (1980) 
 Star Wars: Episode IV - A New Hope (1977)"
" 
 Contact (1997) 
  Close Shave, A (1995)"	
" 
 Toy Story (1995) 
 Wedding Singer, The (1998) 
 Balto (1995) 
 Lawnmower Man, The (1992)"	" 
 Star Wars: Episode IV - A New Hope (1977)"
" 
 Rock, The (1996) 
 Godfather, The (1972) 
 Liar Liar (1997) 
 Return of the Jedi (1983)"	" 
 Independence Day (a.k.a. ID4) (1996) 
 Mission: Impossible (1996) 
 Jurassic Park (1993) 
 Terminator 2: Judgment Day (1991)"
" 
 Braveheart (1995) 
 Rosencrantz and Guildenstern Are Dead (1990) 
 Monty Python and the Holy Grail (1974) 
 Reservoir Dogs (1992)"	" 
 Jurassic Park (1993) 
 Terminator 2: Judgment Day (1991) 
 Pulp Fiction (1994)"
" 
 This Is Spinal Tap (1984) 
  Shallow Grave (1994)"	
" 
 English Patient, The (1996) 
 Close Shave, A (1995) 
 Star Wars (1977) 
 Twelve Monkeys (1995)"	
" 
 Sense and Sensibility (1995) 
 Rebecca (1940) 
 Dead Poets Society (1989) 
 Amadeus (1984)"	
" 
 Dead Poets Society (1989) 
 Wallace & Gromit: The Best of Aardman Animation (1996) 
 Star Trek: The Wrath of Khan (1982) 
 Sling Blade (1996)"	" 
 Forrest Gump (1994)"
" 
 Time to Kill, A (1996) 
 Courage Under Fire (1996) 
 Twister (1996) 
 Independence Day (ID4) (1996)"	
" 
 Secrets & Lies (1996) 
 Boogie Nights (1997) 
 Chasing Amy (1997) 
 It's a Wonderful Life (1946)"	
" 
 Fifth Element, The (1997) 
  Empire Strikes Back, The (1980)"	" 
 Independence Day (a.k.a. ID4) (1996) 
 Men in Black (a.k.a. MIB) (1997) 
 X-Men (2000) 
 Jurassic Park (1993)"
" 
 Cinderella (1950) 
  Shallow Grave (1994) 
  Amadeus (1984)"	
" 
 Toy Story (1995) 
  In & Out (1997)"	" 
 Star Wars: Episode IV - A New Hope (1977)"
" 
 All About Eve (1950) 
 Dial M for Murder (1954) 
 Quiet Man, The (1952) 
 Field of Dreams (1989)"	
" 
 Prophecy II, The (1998) 
 Half Baked (1998) 
 Sphere (1998) 
 Kull the Conqueror (1997)"	
" 
 Sweet Hereafter, The (1997) 
 Apostle, The (1997) 
 Wag the Dog (1997) 
 Ulee's Gold (1997)"	
" 
 Abyss, The (1989) 
  Star Trek III: The Search for Spock (1984)"	
" 
 Wrong Trousers, The (1993) 
 Piano, The (1993) 
 English Patient, The (1996) 
 Big Lebowski, The (1998)"	
" 
 English Patient, The (1996) 
  Kiss the Girls (1997) 
  Chasing Amy (1997)"	
" 
 Evita (1996) 
  Usual Suspects, The (1995)"	
" 
 Swingers (1996) 
  Toy Story (1995)"	
" 
 Rear Window (1954) 
 Indiana Jones and the Last Crusade (1989) 
 Star Wars (1977) 
 Monty Python and the Holy Grail (1974)"	" 
 Silence of the Lambs, The (1991) 
 Godfather, The (1972)"
" 
 Shawshank Redemption, The (1994) 
  Mission: Impossible (1996)"	
" 
 Air Force One (1997) 
  Jerry Maguire (1996)"	
" 
 Indiana Jones and the Last Crusade (1989) 
 My Life as a Dog (Mitt liv som hund) (1985) 
 Princess Bride, The (1987) 
 Empire Strikes Back, The (1980)"	" 
 Indiana Jones and the Temple of Doom (1984) 
 Jurassic Park (1993) 
 Die Hard (1988) 
 Terminator, The (1984)"
" 
 Raising Arizona (1987) 
  English Patient, The (1996)"	
" 
 Rocket Man (1997) 
  Welcome To Sarajevo (1997) 
  Tango Lesson, The (1997)"	
" 
 Independence Day (ID4) (1996) 
 Air Force One (1997) 
 Contact (1997) 
 Dragonheart (1996)"	
" 
 Titanic (1997) 
  In the Name of the Father (1993) 
  Monty Python and the Holy Grail (1974)"	" 
 Matrix, The (1999)"
" 
 Leaving Las Vegas (1995) 
 Fargo (1996) 
 Good Will Hunting (1997) 
 Welcome to the Dollhouse (1995)"	
" 
 Army of Darkness (1993) 
 Magnificent Seven, The (1954) 
 Terminator, The (1984) 
 Amadeus (1984)"	
" 
 In & Out (1997) 
  Devil's Advocate, The (1997)"	
" 
 Strictly Ballroom (1992) 
 Sabrina (1995) 
 My Best Friend's Wedding (1997) 
 Forget Paris (1995)"	
" 
 Contact (1997) 
  Tin Cup (1996) 
  L.A. Confidential (1997)"	
" 
 Monty Python's Life of Brian (1979) 
 Silence of the Lambs, The (1991) 
 Pulp Fiction (1994) 
 Arsenic and Old Lace (1944)"	" 
 Monty Python and the Holy Grail (1975) 
 Pulp Fiction (1994)"
" 
 Little Princess, A (1995) 
 White Squall (1996) 
 Sense and Sensibility (1995) 
 Toy Story (1995)"	
" 
 Star Trek: First Contact (1996) 
  Star Trek V: The Final Frontier (1989)"	" 
 Star Wars: Episode IV - A New Hope (1977)"
" 
 Four Days in September (1997) 
  English Patient, The (1996)"	
" 
 Living in Oblivion (1995) 
 Field of Dreams (1989) 
 Hard Eight (1996) 
 Ridicule (1996)"	
" 
 Crumb (1994) 
  Back to the Future (1985)"	
" 
 Sunset Blvd. (1950) 
 It Happened One Night (1934) 
 12 Angry Men (1957) 
 Good Will Hunting (1997)"	
" 
 Kolya (1996) 
 Shawshank Redemption, The (1994) 
 Room with a View, A (1986) 
 Night on Earth (1991)"	
" 
 E.T. the Extra-Terrestrial (1982) 
  Men in Black (1997) 
  Bridge on the River Kwai, The (1957)"	" 
 Men in Black (a.k.a. MIB) (1997) 
 Jurassic Park (1993) 
 Terminator, The (1984) 
 Toy Story (1995)"
" 
 Citizen Kane (1941) 
 Bridge on the River Kwai, The (1957) 
 Raging Bull (1980) 
 Laura (1944)"	
" 
 Some Folks Call It a Sling Blade (1993) 
 Godfather, The (1972) 
 L.A. Confidential (1997) 
 People vs. Larry Flynt, The (1996)"	
" 
 Fargo (1996) 
 Leaving Las Vegas (1995) 
 Bottle Rocket (1996) 
 Angels and Insects (1995)"	" 
 Silence of the Lambs, The (1991) 
 Pulp Fiction (1994) 
 Star Wars: Episode IV - A New Hope (1977) 
 Usual Suspects, The (1995)"
" 
 Toy Story (1995) 
 Jurassic Park (1993) 
 Aristocats, The (1970) 
 Father of the Bride Part II (1995)"	" 
 Star Wars: Episode IV - A New Hope (1977)"
" 
 Swingers (1996) 
 Star Wars (1977) 
 Leaving Las Vegas (1995) 
 Emma (1996)"	
" 
 Toy Story (1995) 
  Mystery Science Theater 3000: The Movie (1996)"	" 
 Star Wars: Episode IV - A New Hope (1977)"
" 
 Con Air (1997) 
  Rumble in the Bronx (1995)"	
" 
 Apostle, The (1997) 
 Wag the Dog (1997) 
 Good Will Hunting (1997) 
 Rainmaker, The (1997)"	
" 
 Chasing Amy (1997) 
 Contact (1997) 
 In the Company of Men (1997) 
 Everyone Says I Love You (1996)"	
" 
 Titanic (1997) 
  Scream (1996)"	" 
 Matrix, The (1999)"
" 
 Boogie Nights (1997) 
  Clockwork Orange, A (1971)"	
" 
 Casablanca (1942) 
 My Fair Lady (1964) 
 Duck Soup (1933) 
 Dr. Strangelove or: How I Learned to Stop Worrying and Love the Bomb (1963)"	" 
 Fargo (1996) 
 Silence of the Lambs, The (1991) 
 Raiders of the Lost Ark (Indiana Jones and the Raiders of the Lost Ark) (1981) 
 Star Wars: Episode V - The Empire Strikes Back (1980)"
" 
 Doors, The (1991) 
 Raising Arizona (1987) 
 M*A*S*H (1970) 
 When Harry Met Sally... (1989)"	
" 
 Toy Story (1995) 
 Jumanji (1995) 
 Stargate (1994) 
 Shawshank Redemption, The (1994)"	" 
 Star Wars: Episode IV - A New Hope (1977)"
" 
 Godfather, The (1972) 
 Hate (Haine, La) (1995) 
 Bottle Rocket (1996) 
 Trainspotting (1996)"	" 
 Silence of the Lambs, The (1991) 
 Matrix, The (1999) 
 Star Wars: Episode V - The Empire Strikes Back (1980) 
 Star Wars: Episode IV - A New Hope (1977)"
" 
 Amistad (1997) 
 Twisted (1996) 
 Air Force One (1997) 
 Face/Off (1997)"	
" 
 Good Will Hunting (1997) 
  Full Monty, The (1997)"	" 
 American Beauty (1999) 
 Silence of the Lambs, The (1991) 
 Forrest Gump (1994) 
 Matrix, The (1999)"
" 
 Dances with Wolves (1990) 
  Dead Poets Society (1989) 
  On Golden Pond (1981)"	" 
 Batman (1989) 
 True Lies (1994) 
 Jurassic Park (1993) 
 Apollo 13 (1995)"
" 
 Annie Hall (1977) 
 Four Weddings and a Funeral (1994) 
 Up Close and Personal (1996) 
 Twelve Monkeys (1995)"	
" 
 Pulp Fiction (1994) 
 Reservoir Dogs (1992) 
 Star Wars (1977) 
 Contact (1997)"	" 
 Silence of the Lambs, The (1991)"
" 
 English Patient, The (1996) 
 Everyone Says I Love You (1996) 
 Scream (1996) 
 Hugo Pool (1997)"	
" 
 As Good As It Gets (1997) 
  Contact (1997) 
  Pulp Fiction (1994)"	
" 
 Dead Poets Society (1989) 
 Die Hard (1988) 
 Philadelphia (1993) 
 Walk in the Clouds, A (1995)"	" 
 Forrest Gump (1994)"
" 
 Toy Story (1995) 
  Magnificent Seven, The (1954) 
  Secrets & Lies (1996)"	" 
 Star Wars: Episode IV - A New Hope (1977)"
" 
 Amadeus (1984) 
 Bridge on the River Kwai, The (1957) 
 Treasure of the Sierra Madre, The (1948) 
 Great Escape, The (1963)"	
" 
 Toy Story (1995) 
  Bullets Over Broadway (1994)"	" 
 Star Wars: Episode IV - A New Hope (1977)"
" 
 Empire Strikes Back, The (1980) 
 Mr. Smith Goes to Washington (1939) 
 Princess Bride, The (1987) 
 Happy Gilmore (1996)"	
" 
 Return of the Jedi (1983) 
  Grosse Pointe Blank (1997)"	
" 
 L.A. Confidential (1997) 
 Titanic (1997) 
 Good Will Hunting (1997) 
 Evita (1996)"	" 
 American Beauty (1999) 
 Fargo (1996) 
 Silence of the Lambs, The (1991) 
 Matrix, The (1999)"
" 
 Much Ado About Nothing (1993) 
 Sting, The (1973) 
 Butch Cassidy and the Sundance Kid (1969) 
 Contact (1997)"	
" 
 Star Wars (1977) 
 L.A. Confidential (1997) 
 Scream (1996) 
 Rear Window (1954)"	
" 
 Star Wars (1977) 
 It Happened One Night (1934) 
 Graduate, The (1967) 
 39 Steps, The (1935)"	
" 
 Titanic (1997) 
  Full Monty, The (1997) 
  English Patient, The (1996)"	" 
 Matrix, The (1999)"
" 
 M*A*S*H (1970) 
 Streetcar Named Desire, A (1951) 
 Killing Fields, The (1984) 
 To Kill a Mockingbird (1962)"	
" 
 Dead Poets Society (1989) 
  Natural Born Killers (1994)"	" 
 Forrest Gump (1994)"
" 
 Toy Story (1995) 
 Dave (1993) 
 Up Close and Personal (1996) 
 Donnie Brasco (1997)"	" 
 Star Wars: Episode IV - A New Hope (1977)"
" 
 Until the End of the World (Bis ans Ende der Welt) (1991) 
 Babe (1995) 
 Breaking the Waves (1996) 
 Wings of Desire (1987)"	
" 
 Midnight in the Garden of Good and Evil (1997) 
 Braveheart (1995) 
 Titanic (1997) 
 Contact (1997)"	
" 
 She's the One (1996) 
 English Patient, The (1996) 
 Liar Liar (1997) 
 Seven Years in Tibet (1997)"	
" 
 Empire Strikes Back, The (1980) 
  C'est arrivé près de chez vous (1992)"	
" 
 Titanic (1997) 
 Fast, Cheap & Out of Control (1997) 
 Good Will Hunting (1997) 
 Welcome To Sarajevo (1997)"	" 
 Matrix, The (1999)"
" 
 As Good As It Gets (1997) 
 Empire Strikes Back, The (1980) 
 Starship Troopers (1997) 
 Wallace & Gromit: The Best of Aardman Animation (1996)"	
" 
 Mission: Impossible (1996) 
  Twister (1996)"	" 
 Independence Day (a.k.a. ID4) (1996) 
 Jurassic Park (1993) 
 Toy Story (1995) 
 Terminator 2: Judgment Day (1991)"
" 
 Birds, The (1963) 
 North by Northwest (1959) 
 Great Race, The (1965) 
 Princess Bride, The (1987)"	
" 
 Manchurian Candidate, The (1962) 
 Arsenic and Old Lace (1944) 
 Singin' in the Rain (1952) 
 Rear Window (1954)"	
" 
 Seven (Se7en) (1995) 
 English Patient, The (1996) 
 Blues Brothers, The (1980) 
 Alien (1979)"	
" 
 Strange Days (1995) 
 Empire Strikes Back, The (1980) 
 Aliens (1986) 
 Silence of the Lambs, The (1991)"	
" 
 Celluloid Closet, The (1995) 
  Cold Comfort Farm (1995)"	
" 
 Graduate, The (1967) 
 Mr. Smith Goes to Washington (1939) 
 Manhattan Murder Mystery (1993) 
 Streetcar Named Desire, A (1951)"	
" 
 Titanic (1997) 
 Star Trek: First Contact (1996) 
 Star Trek: The Wrath of Khan (1982) 
 Contact (1997)"	" 
 Matrix, The (1999)"
" 
 Seven (Se7en) (1995) 
 Saint, The (1997) 
 Empire Strikes Back, The (1980) 
 Ghost in the Shell (Kokaku kidotai) (1995)"	
" 
 Antonia's Line (1995) 
 Contact (1997) 
 Angels and Insects (1995) 
 Full Monty, The (1997)"	
" 
 Toy Story (1995) 
  Braveheart (1995) 
  E.T. the Extra-Terrestrial (1982)"	" 
 Star Wars: Episode IV - A New Hope (1977)"
" 
 Emma (1996) 
 Mr. Holland's Opus (1995) 
 Matilda (1996) 
 Star Wars (1977)"	
" 
 Amadeus (1984) 
 Room with a View, A (1986) 
 Taxi Driver (1976) 
 This Is Spinal Tap (1984)"	
" 
 Chasing Amy (1997) 
  Fearless (1993)"	
" 
 Men in Black (1997) 
 Big Lebowski, The (1998) 
 Schindler's List (1993) 
 Annie Hall (1977)"	
" 
 Mystery Science Theater 3000: The Movie (1996) 
 Star Trek: The Wrath of Khan (1982) 
 Star Trek IV: The Voyage Home (1986) 
 Star Wars (1977)"	
" 
 Silence of the Lambs, The (1991) 
  Shawshank Redemption, The (1994)"	" 
 Pulp Fiction (1994)"
" 
 Pulp Fiction (1994) 
  Silence of the Lambs, The (1991) 
  Happy Gilmore (1996)"	" 
 Silence of the Lambs, The (1991)"
" 
 Reservoir Dogs (1992) 
  Seven (Se7en) (1995)"	" 
 Sixth Sense, The (1999) 
 Alien (1979) 
 Seven (a.k.a. Se7en) (1995) 
 American Beauty (1999)"
" 
 Empire Strikes Back, The (1980) 
 Usual Suspects, The (1995) 
 Star Wars (1977) 
 One Flew Over the Cuckoo's Nest (1975)"	
" 
 Graduate, The (1967) 
  Usual Suspects, The (1995)"	
" 
 Full Monty, The (1997) 
  Kolya (1996)"	
" 
 Star Wars (1977) 
  Air Force One (1997)"	
" 
 Big Lebowski, The (1998) 
  Boogie Nights (1997)"	" 
 Truman Show, The (1998) 
 Seven (a.k.a. Se7en) (1995) 
 American Beauty (1999) 
 Lord of the Rings: The Fellowship of the Ring, The (2001)"
" 
 Terminator 2: Judgment Day (1991) 
  Annie Hall (1977) 
  Hoop Dreams (1994)"	" 
 Jurassic Park (1993) 
 Braveheart (1995) 
 Star Wars: Episode IV - A New Hope (1977)"
" 
 Sense and Sensibility (1995) 
  Fargo (1996)"	
" 
 Mr. Smith Goes to Washington (1939) 
 Braveheart (1995) 
 Princess Bride, The (1987) 
 Maverick (1994)"	
" 
 Dr. Strangelove or: How I Learned to Stop Worrying and Love the Bomb (1963) 
  Thin Man, The (1934)"	
" 
 Fargo (1996) 
  L.A. Confidential (1997) 
  Godfather, The (1972)"	" 
 Silence of the Lambs, The (1991) 
 Pulp Fiction (1994) 
 Star Wars: Episode IV - A New Hope (1977) 
 Usual Suspects, The (1995)"
" 
 Star Wars (1977) 
 Swingers (1996) 
 Mystery Science Theater 3000: The Movie (1996) 
 Godfather, The (1972)"	
" 
 Sneakers (1992) 
 Clerks (1994) 
 Mystery Science Theater 3000: The Movie (1996) 
 Akira (1988)"	
" 
 Breakfast at Tiffany's (1961) 
 Sling Blade (1996) 
 Dead Poets Society (1989) 
 Good Will Hunting (1997)"	
" 
 Fugitive, The (1993) 
 Murder in the First (1995) 
 Die Hard 2 (1990) 
 Die xue shuang xiong (Killer, The) (1989)"	" 
 Batman (1989) 
 True Lies (1994) 
 Jurassic Park (1993) 
 Apollo 13 (1995)"
" 
 Cop Land (1997) 
 Apt Pupil (1998) 
 Lost Highway (1997) 
 Gattaca (1997)"	
" 
 Get on the Bus (1996) 
 People vs. Larry Flynt, The (1996) 
 Blue in the Face (1995) 
 Trainspotting (1996)"	
" 
 Apocalypse Now (1979) 
  Air Force One (1997) 
  Deconstructing Harry (1997)"	" 
 Sixth Sense, The (1999) 
 American Beauty (1999) 
 Full Metal Jacket (1987) 
 Fargo (1996)"
" 
 Devil's Advocate, The (1997) 
 Chasing Amy (1997) 
 Kiss the Girls (1997) 
 Starship Troopers (1997)"	
" 
 Crumb (1994) 
 Shining, The (1980) 
 Paths of Glory (1957) 
 Taxi Driver (1976)"	
" 
 Air Force One (1997) 
 Contact (1997) 
 Amistad (1997) 
 Rainmaker, The (1997)"	
" 
 Boot, Das (1981) 
 Godfather: Part II, The (1974) 
 Magnificent Seven, The (1954) 
 Lawrence of Arabia (1962)"	
" 
 Right Stuff, The (1983) 
  Hunt for Red October, The (1990) 
  Deer Hunter, The (1978)"	
" 
 Mr. Smith Goes to Washington (1939) 
  Back to the Future (1985)"	
" 
 Contact (1997) 
  G.I. Jane (1997) 
  Fire Down Below (1997)"	
" 
 Chasing Amy (1997) 
 Dead Man Walking (1995) 
 Swingers (1996) 
 Trainspotting (1996)"	
" 
 Delicatessen (1991) 
 Jackie Brown (1997) 
 Dr. Strangelove or: How I Learned to Stop Worrying and Love the Bomb (1963) 
 Pulp Fiction (1994)"	
" 
 Toy Story (1995) 
  Blade Runner (1982)"	" 
 Star Wars: Episode IV - A New Hope (1977)"
" 
 One Flew Over the Cuckoo's Nest (1975) 
  Raising Arizona (1987)"	" 
 American Beauty (1999) 
 Fargo (1996) 
 Forrest Gump (1994) 
 Matrix, The (1999)"
" 
 Vanya on 42nd Street (1994) 
  Reservoir Dogs (1992)"	
" 
 Toy Story (1995) 
  To Catch a Thief (1955)"	" 
 Star Wars: Episode IV - A New Hope (1977)"
" 
 Butch Cassidy and the Sundance Kid (1969) 
 Star Wars (1977) 
 Blade Runner (1982) 
 Spitfire Grill, The (1996)"	
" 
 Toy Story (1995) 
  Reservoir Dogs (1992) 
  Strange Days (1995)"	" 
 Star Wars: Episode IV - A New Hope (1977)"
" 
 Toy Story (1995) 
  Gone with the Wind (1939) 
  Indiana Jones and the Last Crusade (1989)"	" 
 Star Wars: Episode IV - A New Hope (1977)"
" 
 Godfather, The (1972) 
  Heavy Metal (1981)"	" 
 Silence of the Lambs, The (1991) 
 Matrix, The (1999) 
 Star Wars: Episode V - The Empire Strikes Back (1980) 
 Star Wars: Episode IV - A New Hope (1977)"
" 
 Chasing Amy (1997) 
  Much Ado About Nothing (1993)"	
" 
 Groundhog Day (1993) 
  Glory (1989)"	" 
 Jurassic Park (1993) 
 Toy Story (1995) 
 Back to the Future (1985) 
 American Beauty (1999)"
" 
 Sabrina (1954) 
  Romy and Michele's High School Reunion (1997)"	
" 
 Terminator 2: Judgment Day (1991) 
  Star Wars (1977) 
  Close Shave, A (1995)"	" 
 Jurassic Park (1993) 
 Braveheart (1995) 
 Star Wars: Episode IV - A New Hope (1977)"
" 
 Return of the Jedi (1983) 
  Forrest Gump (1994)"	
" 
 Dante's Peak (1997) 
 Postman, The (1997) 
 Desperate Measures (1998) 
 L.A. Confidential (1997)"	
" 
 George of the Jungle (1997) 
 Titanic (1997) 
 Seven Years in Tibet (1997) 
 Braveheart (1995)"	
" 
 Amistad (1997) 
  Mr. Holland's Opus (1995)"	
" 
 Big Night (1996) 
 Boot, Das (1981) 
 Wings of the Dove, The (1997) 
 Leaving Las Vegas (1995)"	
" 
 Schindler's List (1993) 
  Willy Wonka and the Chocolate Factory (1971) 
  Princess Bride, The (1987)"	" 
 Silence of the Lambs, The (1991) 
 Forrest Gump (1994) 
 Shawshank Redemption, The (1994)"
" 
 To Kill a Mockingbird (1962) 
  Cinderella (1950)"	
" 
 Enchanted April (1991) 
  Waiting for Guffman (1996)"	
" 
 Chasing Amy (1997) 
 Titanic (1997) 
 Air Force One (1997) 
 Scream (1996)"	
" 
 Die Hard (1988) 
 Raiders of the Lost Ark (1981) 
 True Lies (1994) 
 Braveheart (1995)"	" 
 Jurassic Park (1993) 
 Terminator, The (1984) 
 Terminator 2: Judgment Day (1991) 
 Back to the Future (1985)"
" 
 In the Company of Men (1997) 
 Lawrence of Arabia (1962) 
 Godfather, The (1972) 
 Misérables, Les (1995)"	
" 
 Face/Off (1997) 
  Time to Kill, A (1996)"	
" 
 Return of the Jedi (1983) 
  Swingers (1996)"	
" 
 Die Hard 2 (1990) 
  Stargate (1994)"	
" 
 Men in Black (1997) 
 Demolition Man (1993) 
 Return of the Jedi (1983) 
 Fargo (1996)"	
" 
 Hoop Dreams (1994) 
  Cyrano de Bergerac (1990)"	
" 
 Toy Story (1995) 
  Mr. Holland's Opus (1995)"	" 
 Star Wars: Episode IV - A New Hope (1977)"
" 
 Psycho (1960) 
 Parent Trap, The (1961) 
 To Kill a Mockingbird (1962) 
 Graduate, The (1967)"	" 
 Fargo (1996) 
 Silence of the Lambs, The (1991) 
 Pulp Fiction (1994)"
" 
 Batman Returns (1992) 
  Star Trek: First Contact (1996) 
  Batman (1989)"	
" 
 Toy Story (1995) 
 One Flew Over the Cuckoo's Nest (1975) 
 Boot, Das (1981) 
 Manhattan (1979)"	" 
 Star Wars: Episode IV - A New Hope (1977)"
" 
 Toy Story (1995) 
  Godfather, The (1972) 
  Star Wars (1977)"	" 
 Star Wars: Episode IV - A New Hope (1977)"
" 
 Benny & Joon (1993) 
 Angels and Insects (1995) 
 Indiana Jones and the Last Crusade (1989) 
 Wizard of Oz, The (1939)"	
" 
 Forrest Gump (1994) 
 Reservoir Dogs (1992) 
 Beavis and Butt-head Do America (1996) 
 To Kill a Mockingbird (1962)"	
" 
 Jean de Florette (1986) 
 Devil's Advocate, The (1997) 
 Face/Off (1997) 
 Chasing Amy (1997)"	
" 
 Toy Story (1995) 
 Star Trek: The Wrath of Khan (1982) 
 Shawshank Redemption, The (1994) 
 Casablanca (1942)"	" 
 Star Wars: Episode IV - A New Hope (1977)"
" 
 Star Wars (1977) 
 Black Sheep (1996) 
 Contact (1997) 
 Dunston Checks In (1996)"	
" 
 Contact (1997) 
  Edge, The (1997)"	
" 
 First Wives Club, The (1996) 
 Nell (1994) 
 Schindler's List (1993) 
 Man Without a Face, The (1993)"	
" 
 Sliding Doors (1998) 
 Forrest Gump (1994) 
 Dances with Wolves (1990) 
 Terminator 2: Judgment Day (1991)"	
" 
 Titanic (1997) 
 Full Monty, The (1997) 
 Seven Years in Tibet (1997) 
 English Patient, The (1996)"	" 
 Matrix, The (1999)"
" 
 Pulp Fiction (1994) 
 Kaspar Hauser (1993) 
 North by Northwest (1959) 
 Terminator, The (1984)"	" 
 Silence of the Lambs, The (1991)"
" 
 Usual Suspects, The (1995) 
 2001: A Space Odyssey (1968) 
 Dr. Strangelove or: How I Learned to Stop Worrying and Love the Bomb (1963) 
 Bridges of Madison County, The (1995)"	" 
 Forrest Gump (1994) 
 Pulp Fiction (1994) 
 Shawshank Redemption, The (1994)"
" 
 As Good As It Gets (1997) 
  Titanic (1997)"	
" 
 Toy Story (1995) 
 Old Yeller (1957) 
 Secrets & Lies (1996) 
 L.A. Confidential (1997)"	" 
 Star Wars: Episode IV - A New Hope (1977)"
" 
 That Thing You Do! (1996) 
 To Gillian on Her 37th Birthday (1996) 
 Truth About Cats & Dogs, The (1996) 
 Picture Perfect (1997)"	
" 
 Good Will Hunting (1997) 
  Titanic (1997)"	" 
 American Beauty (1999) 
 Silence of the Lambs, The (1991) 
 Forrest Gump (1994) 
 Matrix, The (1999)"
" 
 Great Escape, The (1963) 
  Sting, The (1973)"	
" 
 Trainspotting (1996) 
  Brazil (1985)"	" 
 Seven (a.k.a. Se7en) (1995) 
 Twelve Monkeys (a.k.a. 12 Monkeys) (1995) 
 Braveheart (1995) 
 American Beauty (1999)"
" 
 Fargo (1996) 
 Cold Comfort Farm (1995) 
 Jerry Maguire (1996) 
 Infinity (1996)"	" 
 Silence of the Lambs, The (1991) 
 Pulp Fiction (1994) 
 Star Wars: Episode IV - A New Hope (1977) 
 Usual Suspects, The (1995)"
" 
 Paris, Texas (1984) 
  Dead Man (1995)"	
" 
 Vegas Vacation (1997) 
  Game, The (1997)"	
" 
 Brothers McMullen, The (1995) 
 Graduate, The (1967) 
 U Turn (1997) 
 Singin' in the Rain (1952)"	
" 
 L.A. Confidential (1997) 
 Tango Lesson, The (1997) 
 Kolya (1996) 
 Titanic (1997)"	" 
 American Beauty (1999) 
 Fargo (1996) 
 Silence of the Lambs, The (1991) 
 Matrix, The (1999)"
" 
 Air Force One (1997) 
  George of the Jungle (1997)"	
" 
 Big Lebowski, The (1998) 
  Full Monty, The (1997)"	" 
 Truman Show, The (1998) 
 Seven (a.k.a. Se7en) (1995) 
 American Beauty (1999) 
 Lord of the Rings: The Fellowship of the Ring, The (2001)"
" 
 Maltese Falcon, The (1941) 
 Chinatown (1974) 
 Gone with the Wind (1939) 
 Annie Hall (1977)"	
" 
 Mrs. Brown (Her Majesty, Mrs. Brown) (1997) 
  English Patient, The (1996)"	
" 
 Rock, The (1996) 
 Return of the Jedi (1983) 
 Star Wars (1977) 
 Twister (1996)"	" 
 Independence Day (a.k.a. ID4) (1996) 
 Mission: Impossible (1996) 
 Jurassic Park (1993) 
 Terminator 2: Judgment Day (1991)"
" 
 Phantoms (1998) 
  Telling Lies in America (1997)"	
" 
 Return of the Jedi (1983) 
 Aliens (1986) 
 Highlander (1986) 
 Fugitive, The (1993)"	
" 
 Forrest Gump (1994) 
 Jaws (1975) 
 E.T. the Extra-Terrestrial (1982) 
 Back to the Future (1985)"	
" 
 Apocalypse Now (1979) 
 Bitter Moon (1992) 
 Dr. Strangelove or: How I Learned to Stop Worrying and Love the Bomb (1963) 
 Some Like It Hot (1959)"	" 
 Sixth Sense, The (1999) 
 American Beauty (1999) 
 Full Metal Jacket (1987) 
 Fargo (1996)"
" 
 Toy Story (1995) 
 Men in Black (1997) 
 Lion King, The (1994) 
 Terminator 2: Judgment Day (1991)"	" 
 Star Wars: Episode IV - A New Hope (1977)"
" 
 Wings of the Dove, The (1997) 
 Dead Man Walking (1995) 
 Ulee's Gold (1997) 
 L.A. Confidential (1997)"	
" 
 Liar Liar (1997) 
 Deceiver (1997) 
 Contact (1997) 
 Alien: Resurrection (1997)"	
" 
 Like Water For Chocolate (Como agua para chocolate) (1992) 
 Gandhi (1982) 
 One Flew Over the Cuckoo's Nest (1975) 
 Rear Window (1954)"	
" 
 Dial M for Murder (1954) 
 High Noon (1952) 
 Raising Arizona (1987) 
 Breakfast at Tiffany's (1961)"	
" 
 Star Trek: The Wrath of Khan (1982) 
 Amadeus (1984) 
 Raiders of the Lost Ark (1981) 
 Silence of the Lambs, The (1991)"	
" 
 Star Trek: First Contact (1996) 
 Mr. Holland's Opus (1995) 
 Mystery Science Theater 3000: The Movie (1996) 
 Saint, The (1997)"	" 
 Star Wars: Episode IV - A New Hope (1977)"
" 
 Jerry Maguire (1996) 
  Tin Cup (1996)"	" 
 Forrest Gump (1994)"
" 
 Toy Story (1995) 
  Star Trek VI: The Undiscovered Country (1991)"	" 
 Star Wars: Episode IV - A New Hope (1977)"
" 
 Blade Runner (1982) 
 Notorious (1946) 
 World of Apu, The (Apur Sansar) (1959) 
 Rear Window (1954)"	" 
 Jurassic Park (1993) 
 Terminator, The (1984) 
 Alien (1979) 
 Terminator 2: Judgment Day (1991)"
" 
 Jurassic Park (1993) 
  Phenomenon (1996)"	" 
 Terminator 2: Judgment Day (1991) 
 Fugitive, The (1993) 
 Braveheart (1995) 
 Forrest Gump (1994)"
" 
 Long Kiss Goodnight, The (1996) 
  Glory (1989)"	
" 
 Contact (1997) 
 Wizard of Oz, The (1939) 
 Star Wars (1977) 
 Monty Python's Life of Brian (1979)"	
" 
 Toy Story (1995) 
  Reservoir Dogs (1992)"	" 
 Star Wars: Episode IV - A New Hope (1977)"
" 
 Shawshank Redemption, The (1994) 
  Casablanca (1942) 
  M*A*S*H (1970)"	
" 
 Swingers (1996) 
  Big Night (1996)"	
" 
 English Patient, The (1996) 
  Titanic (1997)"	
" 
 Toy Story (1995) 
 Cats Don't Dance (1997) 
 Contact (1997) 
 Fargo (1996)"	" 
 Star Wars: Episode IV - A New Hope (1977)"
" 
 Good Will Hunting (1997) 
 I Know What You Did Last Summer (1997) 
 Braveheart (1995) 
 Air Force One (1997)"	" 
 American Beauty (1999) 
 Silence of the Lambs, The (1991) 
 Forrest Gump (1994) 
 Matrix, The (1999)"
" 
 Toy Story (1995) 
 Return of the Pink Panther, The (1974) 
 E.T. the Extra-Terrestrial (1982) 
 Indiana Jones and the Last Crusade (1989)"	" 
 Star Wars: Episode IV - A New Hope (1977)"
" 
 Wedding Singer, The (1998)"	
" 
 Blade Runner (1982) 
  Pulp Fiction (1994)"	" 
 Jurassic Park (1993) 
 Terminator, The (1984) 
 Alien (1979) 
 Terminator 2: Judgment Day (1991)"
" 
 Toy Story (1995) 
 Jerry Maguire (1996) 
 Star Wars (1977) 
 Beautiful Girls (1996)"	" 
 Star Wars: Episode IV - A New Hope (1977)"
" 
 Star Wars (1977) 
 Austin Powers: International Man of Mystery (1997) 
 L.A. Confidential (1997) 
 Citizen Kane (1941)"	
" 
 12 Angry Men (1957) 
  Terminator 2: Judgment Day (1991)"	
" 
 Donnie Brasco (1997) 
  Boogie Nights (1997)"	
" 
 Lone Star (1996) 
 Manchurian Candidate, The (1962) 
 Close Shave, A (1995) 
 Chinatown (1974)"	
" 
 Strange Days (1995) 
 Carrie (1976) 
 Truth About Cats & Dogs, The (1996) 
 Shallow Grave (1994)"	
" 
 Toy Story (1995) 
  Kingpin (1996)"	" 
 Star Wars: Episode IV - A New Hope (1977)"
" 
 Shawshank Redemption, The (1994) 
 Manchurian Candidate, The (1962) 
 Month by the Lake, A (1995) 
 Wallace & Gromit: The Best of Aardman Animation (1996)"	
" 
 Raging Bull (1980) 
  Postino, Il (1994) 
  My Fair Lady (1964)"	
" 
 Toy Story (1995) 
 Secrets & Lies (1996) 
 Donnie Brasco (1997) 
 Crucible, The (1996)"	" 
 Star Wars: Episode IV - A New Hope (1977)"
" 
 Lost Highway (1997) 
  Hoodlum (1997)"	
" 
 Toy Story (1995) 
  Mr. Holland's Opus (1995)"	" 
 Star Wars: Episode IV - A New Hope (1977)"
" 
 Gattaca (1997) 
 Mrs. Brown (Her Majesty, Mrs. Brown) (1997) 
 Ice Storm, The (1997) 
 English Patient, The (1996)"	" 
 Matrix, The (1999) 
 Star Wars: Episode V - The Empire Strikes Back (1980) 
 Star Wars: Episode IV - A New Hope (1977)"
" 
 Private Parts (1997) 
  Wrong Trousers, The (1993)"	
" 
 L.A. Confidential (1997) 
  Cop Land (1997)"	" 
 American Beauty (1999) 
 Fargo (1996) 
 Silence of the Lambs, The (1991) 
 Matrix, The (1999)"
" 
 Star Wars (1977) 
 First Wives Club, The (1996) 
 Mother (1996) 
 Independence Day (ID4) (1996)"	
" 
 Pollyanna (1960) 
 Man Without a Face, The (1993) 
 Cinderella (1950) 
 Alice in Wonderland (1951)"	
" 
 Birdcage, The (1996) 
  Boot, Das (1981)"	
" 
 Contact (1997) 
  GoodFellas (1990) 
  Die Hard (1988)"	
" 
 Face/Off (1997) 
  Chasing Amy (1997)"	
" 
 Star Wars (1977) 
 George of the Jungle (1997) 
 Mrs. Brown (Her Majesty, Mrs. Brown) (1997) 
 As Good As It Gets (1997)"	
" 
 Toy Story (1995) 
  Clerks (1994) 
  Apollo 13 (1995)"	" 
 Star Wars: Episode IV - A New Hope (1977)"
" 
 Kolya (1996) 
 English Patient, The (1996) 
 Lone Star (1996) 
 Star Wars (1977)"	
" 
 My Favorite Year (1982) 
 Blues Brothers, The (1980) 
 North by Northwest (1959) 
 Vertigo (1958)"	
" 
 Tombstone (1993) 
  Highlander (1986)"	
" 
 In & Out (1997) 
 Swingers (1996) 
 Chasing Amy (1997) 
 Beautiful Thing (1996)"	
" 
 One Flew Over the Cuckoo's Nest (1975) 
  Contact (1997)"	" 
 American Beauty (1999) 
 Fargo (1996) 
 Forrest Gump (1994) 
 Matrix, The (1999)"
" 
 Four Weddings and a Funeral (1994) 
  Butch Cassidy and the Sundance Kid (1969) 
  Men in Black (1997)"	" 
 Jurassic Park (1993) 
 Silence of the Lambs, The (1991) 
 Forrest Gump (1994) 
 Pulp Fiction (1994)"
" 
 City of Lost Children, The (1995) 
 Lost Highway (1997) 
 Big Night (1996) 
 Shining, The (1980)"	
" 
 Liar Liar (1997) 
 Truth About Cats & Dogs, The (1996) 
 Full Monty, The (1997) 
 Stealing Beauty (1996)"	
" 
 Raiders of the Lost Ark (1981) 
  Sleepers (1996)"	
" 
 Twister (1996) 
  Braveheart (1995)"	" 
 Independence Day (a.k.a. ID4) (1996) 
 Mission: Impossible (1996) 
 Jurassic Park (1993) 
 Toy Story (1995)"
" 
 Titanic (1997) 
 Air Force One (1997) 
 Star Trek: First Contact (1996) 
 Con Air (1997)"	" 
 Matrix, The (1999)"
" 
 Seven Years in Tibet (1997) 
 Full Monty, The (1997) 
 English Patient, The (1996) 
 Postman, The (1997)"	
" 
 Butch Cassidy and the Sundance Kid (1969) 
  Babe (1995)"	
" 
 Aliens (1986) 
 Batman (1989) 
 Speed (1994) 
 Die Hard 2 (1990)"	" 
 Jurassic Park (1993) 
 Terminator, The (1984) 
 Alien (1979) 
 Terminator 2: Judgment Day (1991)"
" 
 Alien (1979) 
 Bronx Tale, A (1993) 
 Great Escape, The (1963) 
 Dead Poets Society (1989)"	" 
 Aliens (1986) 
 Terminator 2: Judgment Day (1991) 
 American Beauty (1999) 
 Star Wars: Episode VI - Return of the Jedi (1983)"
" 
 Lost Highway (1997) 
  Everyone Says I Love You (1996)"	
" 
 Scream (1996) 
  Truth About Cats & Dogs, The (1996)"	
" 
 Empire Strikes Back, The (1980) 
  Substitute, The (1996)"	
" 
 Star Wars (1977) 
 Willy Wonka and the Chocolate Factory (1971) 
 Braveheart (1995) 
 Godfather, The (1972)"	
" 
 Searching for Bobby Fischer (1993) 
  Chasing Amy (1997) 
  Adventures of Priscilla, Queen of the Desert, The (1994)"	
" 
 Amadeus (1984) 
 Godfather, The (1972) 
 Forrest Gump (1994) 
 Field of Dreams (1989)"	
" 
 Toy Story (1995) 
 Aliens (1986) 
 Bram Stoker's Dracula (1992) 
 Field of Dreams (1989)"	" 
 Star Wars: Episode IV - A New Hope (1977)"
" 
 Toy Story (1995) 
 Under Siege (1992) 
 Star Trek IV: The Voyage Home (1986) 
 Star Trek III: The Search for Spock (1984)"	" 
 Star Wars: Episode IV - A New Hope (1977)"
" 
 Psycho (1960) 
  Alien (1979) 
  Maltese Falcon, The (1941)"	" 
 Fargo (1996) 
 Silence of the Lambs, The (1991) 
 Pulp Fiction (1994)"
" 
 Blue in the Face (1995) 
  Mighty Aphrodite (1995) 
  Crossing Guard, The (1995)"	
" 
 English Patient, The (1996) 
  Nell (1994)"	
" 
 Terminator, The (1984) 
  Chasing Amy (1997)"	" 
 Independence Day (a.k.a. ID4) (1996) 
 Jurassic Park (1993) 
 Die Hard (1988) 
 Sixth Sense, The (1999)"
" 
 Dragonheart (1996) 
  Secrets & Lies (1996)"	
" 
 Monty Python and the Holy Grail (1974) 
  When Harry Met Sally... (1989)"	
" 
 Dances with Wolves (1990) 
  Mr. Holland's Opus (1995) 
  Raiders of the Lost Ark (1981)"	" 
 Batman (1989) 
 True Lies (1994) 
 Jurassic Park (1993) 
 Apollo 13 (1995)"
" 
 As Good As It Gets (1997) 
  Good Will Hunting (1997)"	
" 
 Ghost and the Darkness, The (1996) 
  Searching for Bobby Fischer (1993)"	
" 
 Amistad (1997) 
  Soul Food (1997)"	
" 
 Contact (1997) 
 Rainmaker, The (1997) 
 Return of the Jedi (1983) 
 Star Wars (1977)"	
" 
 My Best Friend's Wedding (1997) 
 Seven (Se7en) (1995) 
 Good Will Hunting (1997) 
 Face/Off (1997)"	
" 
 Titanic (1997) 
 As Good As It Gets (1997) 
 Good Will Hunting (1997) 
 English Patient, The (1996)"	" 
 Matrix, The (1999)"
" 
 Glory (1989) 
  Quiz Show (1994)"	
" 
 Titanic (1997) 
 Air Force One (1997) 
 G.I. Jane (1997) 
 Rosewood (1997)"	" 
 Matrix, The (1999)"
" 
 Casino (1995) 
 Usual Suspects, The (1995) 
 Chasing Amy (1997) 
 Fargo (1996)"	" 
 Pulp Fiction (1994)"
" 
 Short Cuts (1993) 
  Piano, The (1993)"	
" 
 Blues Brothers, The (1980) 
 Monty Python and the Holy Grail (1974) 
 Young Frankenstein (1974) 
 Princess Bride, The (1987)"	" 
 Star Wars: Episode VI - Return of the Jedi (1983) 
 Star Wars: Episode IV - A New Hope (1977)"
" 
 Casablanca (1942) 
 Shine (1996) 
 Big Night (1996) 
 Citizen Kane (1941)"	" 
 Fargo (1996) 
 Silence of the Lambs, The (1991) 
 Raiders of the Lost Ark (Indiana Jones and the Raiders of the Lost Ark) (1981) 
 Star Wars: Episode V - The Empire Strikes Back (1980)"
" 
 Rock, The (1996) 
 Godfather, The (1972) 
 Last Man Standing (1996) 
 Boot, Das (1981)"	" 
 Independence Day (a.k.a. ID4) (1996) 
 Mission: Impossible (1996) 
 Jurassic Park (1993) 
 Terminator 2: Judgment Day (1991)"
" 
 Air Force One (1997) 
 Devil's Advocate, The (1997) 
 Titanic (1997) 
 Stranger in the House (1997)"	
" 
 Toy Story (1995) 
  Dead Poets Society (1989)"	" 
 Star Wars: Episode IV - A New Hope (1977)"
" 
 Miracle on 34th Street (1994) 
 Sting, The (1973) 
 Maltese Falcon, The (1941) 
 North by Northwest (1959)"	
" 
 Antonia's Line (1995) 
 Silence of the Lambs, The (1991) 
 Bound (1996) 
 Jerry Maguire (1996)"	
" 
 Jerry Maguire (1996) 
 Secrets & Lies (1996) 
 Kolya (1996) 
 Guantanamera (1994)"	" 
 Forrest Gump (1994)"
" 
 Toy Story (1995) 
 Psycho (1960) 
 Blade Runner (1982) 
 Aladdin (1992)"	" 
 Star Wars: Episode IV - A New Hope (1977)"
" 
 Fly Away Home (1996) 
 Seven Years in Tibet (1997) 
 Picture Perfect (1997) 
 Jungle2Jungle (1997)"	
" 
 Short Cuts (1993) 
  Bridges of Madison County, The (1995)"	
" 
 Hamlet (1996) 
  Somewhere in Time (1980)"	
" 
 Local Hero (1983) 
 Raiders of the Lost Ark (1981) 
 Star Wars (1977) 
 Pulp Fiction (1994)"	
" 
 Singin' in the Rain (1952) 
  Four Weddings and a Funeral (1994)"	
" 
 Contact (1997) 
 Shawshank Redemption, The (1994) 
 Third Man, The (1949) 
 Twelve Monkeys (1995)"	
" 
 Postman, The (1997) 
  Wings of the Dove, The (1997) 
  Apostle, The (1997)"	
" 
 Leaving Las Vegas (1995) 
  Ed Wood (1994)"	
" 
 Scream (1996) 
  Day the Earth Stood Still, The (1951)"	
" 
 Amistad (1997) 
 Liar Liar (1997) 
 Swept from the Sea (1997) 
 Evita (1996)"	
" 
 Willy Wonka and the Chocolate Factory (1971) 
  Nikita (La Femme Nikita) (1990) 
  Scream (1996)"	
" 
 Annie Hall (1977) 
 Godfather: Part II, The (1974) 
 Ma vie en rose (My Life in Pink) (1997) 
 In the Company of Men (1997)"	
" 
 L.A. Confidential (1997) 
 Lost Highway (1997) 
 Crash (1996) 
 Washington Square (1997)"	" 
 American Beauty (1999) 
 Fargo (1996) 
 Silence of the Lambs, The (1991) 
 Matrix, The (1999)"
" 
 Fargo (1996) 
  Silence of the Lambs, The (1991)"	" 
 Silence of the Lambs, The (1991) 
 Pulp Fiction (1994) 
 Star Wars: Episode IV - A New Hope (1977) 
 Usual Suspects, The (1995)"
" 
 Apt Pupil (1998) 
 Boogie Nights (1997) 
 Chasing Amy (1997) 
 Jackie Brown (1997)"	
" 
 Toy Story (1995) 
  Psycho (1960) 
  Silence of the Lambs, The (1991)"	" 
 Star Wars: Episode IV - A New Hope (1977)"
" 
 Monty Python and the Holy Grail (1974) 
  Local Hero (1983)"	
" 
 Toy Story (1995) 
 Men in Black (1997) 
 Godfather, The (1972) 
 Absolute Power (1997)"	" 
 Star Wars: Episode IV - A New Hope (1977)"
" 
 Top Gun (1986) 
  Titanic (1997)"	
" 
 Good Will Hunting (1997) 
 Apt Pupil (1998) 
 In & Out (1997) 
 Evita (1996)"	" 
 American Beauty (1999) 
 Silence of the Lambs, The (1991) 
 Forrest Gump (1994) 
 Matrix, The (1999)"
" 
 Ghost and the Darkness, The (1996) 
 Rock, The (1996) 
 Braveheart (1995) 
 Dragonheart (1996)"	
" 
 Time to Kill, A (1996) 
 Mission: Impossible (1996) 
 Ransom (1996) 
 Courage Under Fire (1996)"	
" 
 Big Night (1996) 
  Everyone Says I Love You (1996)"	
" 
 Three Colors: Red (1994) 
 Full Monty, The (1997) 
 L.A. Confidential (1997) 
 Manchurian Candidate, The (1962)"	
" 
 Contact (1997) 
 Godfather, The (1972) 
 Fargo (1996) 
 Postino, Il (1994)"	
" 
 Pretty Woman (1990) 
 Dante's Peak (1997) 
 Star Trek: First Contact (1996) 
 Rock, The (1996)"	" 
 Mrs. Doubtfire (1993) 
 Speed (1994) 
 Jurassic Park (1993) 
 Aladdin (1992)"
" 
 Four Weddings and a Funeral (1994) 
  Dr. Strangelove or: How I Learned to Stop Worrying and Love the Bomb (1963)"	" 
 Jurassic Park (1993) 
 Silence of the Lambs, The (1991) 
 Forrest Gump (1994) 
 Pulp Fiction (1994)"
" 
 Toy Story (1995) 
 Persuasion (1995) 
 Return of the Pink Panther, The (1974) 
 How to Make an American Quilt (1995)"	" 
 Star Wars: Episode IV - A New Hope (1977)"
" 
 Trainspotting (1996) 
  Primal Fear (1996)"	" 
 Seven (a.k.a. Se7en) (1995) 
 Twelve Monkeys (a.k.a. 12 Monkeys) (1995) 
 Braveheart (1995) 
 American Beauty (1999)"
" 
 High Noon (1952) 
 This Is Spinal Tap (1984) 
 Birds, The (1963) 
 Full Monty, The (1997)"	
" 
 Toy Story (1995) 
  Amadeus (1984)"	" 
 Star Wars: Episode IV - A New Hope (1977)"
" 
 Titanic (1997) 
  Forrest Gump (1994) 
  Star Wars (1977)"	" 
 Matrix, The (1999)"
" 
 Toy Story (1995) 
 Lawrence of Arabia (1962) 
 Notorious (1946) 
 North by Northwest (1959)"	" 
 Star Wars: Episode IV - A New Hope (1977)"
" 
 Mr. Holland's Opus (1995) 
  Jeffrey (1995)"	
" 
 Annie Hall (1977) 
 Clerks (1994) 
 Silence of the Lambs, The (1991) 
 Jaws (1975)"	
" 
 Titanic (1997) 
 Beautician and the Beast, The (1997) 
 Men in Black (1997) 
 Face/Off (1997)"	" 
 Matrix, The (1999)"
" 
 Titanic (1997) 
  Graduate, The (1967)"	" 
 Matrix, The (1999)"
" 
 Shall We Dance? (1996) 
  Wings of the Dove, The (1997) 
  Sense and Sensibility (1995)"	
" 
 Good Will Hunting (1997) 
  Dances with Wolves (1990)"	" 
 American Beauty (1999) 
 Silence of the Lambs, The (1991) 
 Forrest Gump (1994) 
 Matrix, The (1999)"
" 
 Exotica (1994) 
  Vanya on 42nd Street (1994)"	
" 
 Toy Story (1995) 
  Birdcage, The (1996) 
  Age of Innocence, The (1993)"	" 
 Star Wars: Episode IV - A New Hope (1977)"
" 
 Ulee's Gold (1997) 
  English Patient, The (1996) 
  Soul Food (1997)"	
" 
 Dragonheart (1996) 
 Independence Day (ID4) (1996) 
 Star Trek: First Contact (1996) 
 Toy Story (1995)"	
" 
 North by Northwest (1959) 
  Graduate, The (1967)"	
" 
 Schindler's List (1993) 
  Great Escape, The (1963)"	" 
 Silence of the Lambs, The (1991) 
 Forrest Gump (1994) 
 Shawshank Redemption, The (1994)"
" 
 Microcosmos: Le peuple de l'herbe (1996) 
  Amateur (1994)"	
" 
 Monty Python and the Holy Grail (1974) 
 Saint, The (1997) 
 Wrong Trousers, The (1993) 
 Abyss, The (1989)"	
" 
 2001: A Space Odyssey (1968) 
  Star Trek IV: The Voyage Home (1986) 
  Man Without a Face, The (1993)"	" 
 Alien (1979) 
 Terminator 2: Judgment Day (1991) 
 Blade Runner (1982) 
 Fargo (1996)"
" 
 Toy Story (1995) 
 Muriel's Wedding (1994) 
 Psycho (1960) 
 Blues Brothers, The (1980)"	" 
 Star Wars: Episode IV - A New Hope (1977)"
" 
 Empire Strikes Back, The (1980) 
  Romy and Michele's High School Reunion (1997) 
  Face/Off (1997)"	
" 
 Trainspotting (1996) 
  Godfather: Part II, The (1974)"	" 
 Seven (a.k.a. Se7en) (1995) 
 Twelve Monkeys (a.k.a. 12 Monkeys) (1995) 
 Braveheart (1995) 
 American Beauty (1999)"
" 
 L.A. Confidential (1997) 
 Titanic (1997) 
 Air Force One (1997) 
 Rosewood (1997)"	" 
 American Beauty (1999) 
 Fargo (1996) 
 Silence of the Lambs, The (1991) 
 Matrix, The (1999)"
" 
 Mrs. Dalloway (1997) 
 Piano, The (1993) 
 Looking for Richard (1996) 
 Henry V (1989)"	
" 
 Cold Comfort Farm (1995) 
 Antonia's Line (1995) 
 Fargo (1996) 
 Brassed Off (1996)"	
" 
 Fish Called Wanda, A (1988) 
  Monty Python and the Holy Grail (1974)"	
" 
 Brassed Off (1996) 
 Tin Drum, The (Blechtrommel, Die) (1979) 
 Three Colors: Red (1994) 
 Three Colors: Blue (1993)"	
" 
 Butch Cassidy and the Sundance Kid (1969) 
  Philadelphia Story, The (1940) 
  Big Night (1996)"	
" 
 Amadeus (1984) 
  Manchurian Candidate, The (1962)"	
" 
 Toy Story (1995) 
  Forrest Gump (1994) 
  Room with a View, A (1986)"	" 
 Star Wars: Episode IV - A New Hope (1977)"
" 
 Fargo (1996) 
 Contact (1997) 
 Lone Star (1996) 
 Spitfire Grill, The (1996)"	" 
 Silence of the Lambs, The (1991) 
 Pulp Fiction (1994) 
 Star Wars: Episode IV - A New Hope (1977) 
 Usual Suspects, The (1995)"
" 
 Before Sunrise (1995) 
 One Flew Over the Cuckoo's Nest (1975) 
 Shall We Dance? (1996) 
 Bridge on the River Kwai, The (1957)"	
" 
 Secret of Roan Inish, The (1994) 
  Antonia's Line (1995)"	
" 
 Nikita (La Femme Nikita) (1990) 
 Silence of the Lambs, The (1991) 
 Full Monty, The (1997) 
 Sense and Sensibility (1995)"	
" 
 Toy Story (1995) 
  Cinderella (1950)"	" 
 Star Wars: Episode IV - A New Hope (1977)"
" 
 Toy Story (1995) 
 Mars Attacks! (1996) 
 My Best Friend's Wedding (1997) 
 Fargo (1996)"	" 
 Star Wars: Episode IV - A New Hope (1977)"
" 
 Men in Black (1997) 
  Postino, Il (1994)"	
" 
 Heathers (1989) 
  Field of Dreams (1989) 
  Wallace & Gromit: The Best of Aardman Animation (1996)"	
" 
 Toy Story (1995) 
 Titanic (1997) 
 Shining, The (1980) 
 Kull the Conqueror (1997)"	" 
 Star Wars: Episode IV - A New Hope (1977)"
" 
 Full Monty, The (1997) 
 Boot, Das (1981) 
 L.A. Confidential (1997) 
 Mrs. Brown (Her Majesty, Mrs. Brown) (1997)"	
" 
 Secrets & Lies (1996) 
 Fargo (1996) 
 Return of the Jedi (1983) 
 Lost World: Jurassic Park, The (1997)"	
" 
 Air Force One (1997) 
  English Patient, The (1996)"	
" 
 Life Less Ordinary, A (1997) 
  Ma vie en rose (My Life in Pink) (1997)"	
" 
 Love! Valour! Compassion! (1997) 
  Mars Attacks! (1996)"	
" 
 Scream (1996) 
 I Know What You Did Last Summer (1997) 
 Starship Troopers (1997) 
 Alien: Resurrection (1997)"	
" 
 Toy Story (1995) 
  Chinatown (1974)"	" 
 Star Wars: Episode IV - A New Hope (1977)"
" 
 Lion King, The (1994) 
 Sound of Music, The (1965) 
 Home for the Holidays (1995) 
 Jurassic Park (1993)"	" 
 Jurassic Park (1993) 
 Beauty and the Beast (1991) 
 Aladdin (1992) 
 Toy Story (1995)"
" 
 Time to Kill, A (1996) 
  Godfather, The (1972)"	
" 
 Pulp Fiction (1994) 
 Trainspotting (1996) 
 Dazed and Confused (1993) 
 Jackie Brown (1997)"	" 
 Silence of the Lambs, The (1991)"
" 
 Lone Star (1996) 
 Richard III (1995) 
 Treasure of the Sierra Madre, The (1948) 
 East of Eden (1955)"	
" 
 Raising Arizona (1987) 
 Fargo (1996) 
 Star Wars (1977) 
 Sound of Music, The (1965)"	
" 
 Braveheart (1995) 
  Bronx Tale, A (1993)"	" 
 Jurassic Park (1993) 
 Terminator 2: Judgment Day (1991) 
 Pulp Fiction (1994)"
" 
 Titanic (1997) 
  In & Out (1997) 
  Postman, The (1997)"	" 
 Matrix, The (1999)"
" 
 Boot, Das (1981) 
 Great Escape, The (1963) 
 Bridge on the River Kwai, The (1957) 
 Mr. Holland's Opus (1995)"	
" 
 Princess Bride, The (1987) 
  Clear and Present Danger (1994)"	" 
 Back to the Future (1985) 
 Star Wars: Episode VI - Return of the Jedi (1983) 
 Matrix, The (1999) 
 Raiders of the Lost Ark (Indiana Jones and the Raiders of the Lost Ark) (1981)"
" 
 Firm, The (1993) 
  E.T. the Extra-Terrestrial (1982) 
  Man Without a Face, The (1993)"	" 
 Batman (1989) 
 True Lies (1994) 
 Clear and Present Danger (1994) 
 Jurassic Park (1993)"
" 
 Cold Comfort Farm (1995) 
  Postino, Il (1994)"	
" 
 Patton (1970) 
 Stand by Me (1986) 
 My Left Foot (1989) 
 Lawrence of Arabia (1962)"	
" 
 Toy Story (1995) 
 Godfather, The (1972) 
 Butch Cassidy and the Sundance Kid (1969) 
 Fantasia (1940)"	" 
 Star Wars: Episode IV - A New Hope (1977)"
" 
 Omen, The (1976) 
 Fargo (1996) 
 Wes Craven's New Nightmare (1994) 
 Body Snatchers (1993)"	
" 
 Wag the Dog (1997) 
  Conspiracy Theory (1997) 
  Air Force One (1997)"	
" 
 Graduate, The (1967) 
  Magnificent Seven, The (1954)"	
" 
 Paradise Lost: The Child Murders at Robin Hood Hills (1996) 
  Freeway (1996)"	
" 
 Carrie (1976) 
  Blues Brothers, The (1980)"	
" 
 Pretty Woman (1990) 
  Apt Pupil (1998)"	" 
 Mrs. Doubtfire (1993) 
 Speed (1994) 
 Jurassic Park (1993) 
 Aladdin (1992)"
" 
 Toy Story (1995) 
  Nightmare Before Christmas, The (1993)"	" 
 Star Wars: Episode IV - A New Hope (1977)"
" 
 Scream (1996) 
 Empire Strikes Back, The (1980) 
 Net, The (1995) 
 Indiana Jones and the Last Crusade (1989)"	
" 
 Glory (1989) 
  Persuasion (1995) 
  What's Eating Gilbert Grape (1993)"	
" 
 Toy Story (1995) 
  Psycho (1960)"	" 
 Star Wars: Episode IV - A New Hope (1977)"
" 
 Searching for Bobby Fischer (1993) 
 Rudy (1993) 
 Shawshank Redemption, The (1994) 
 Henry V (1989)"	
" 
 Toy Story (1995) 
  Phenomenon (1996)"	" 
 Star Wars: Episode IV - A New Hope (1977)"
" 
 Deconstructing Harry (1997) 
 L.A. Confidential (1997) 
 Full Monty, The (1997) 
 Sweet Hereafter, The (1997)"	
" 
 Sunset Blvd. (1950) 
 Dr. Strangelove or: How I Learned to Stop Worrying and Love the Bomb (1963) 
 Crying Game, The (1992) 
 39 Steps, The (1935)"	
" 
 L.A. Confidential (1997) 
  In the Company of Men (1997)"	" 
 American Beauty (1999) 
 Fargo (1996) 
 Silence of the Lambs, The (1991) 
 Matrix, The (1999)"
" 
 Big Lebowski, The (1998) 
  Chasing Amy (1997)"	" 
 Truman Show, The (1998) 
 Seven (a.k.a. Se7en) (1995) 
 American Beauty (1999) 
 Lord of the Rings: The Fellowship of the Ring, The (2001)"
" 
 Sophie's Choice (1982) 
  Lawrence of Arabia (1962)"	
" 
 L.A. Confidential (1997) 
 English Patient, The (1996) 
 Eve's Bayou (1997) 
 Wings of the Dove, The (1997)"	" 
 American Beauty (1999) 
 Fargo (1996) 
 Silence of the Lambs, The (1991) 
 Matrix, The (1999)"
" 
 Highlander (1986) 
  Clear and Present Danger (1994)"	
" 
 Gone with the Wind (1939) 
 Lawrence of Arabia (1962) 
 Mother (1996) 
 Pulp Fiction (1994)"	
" 
 Chasing Amy (1997) 
 Game, The (1997) 
 Cop Land (1997) 
 Full Monty, The (1997)"	
" 
 Raising Arizona (1987) 
  Schindler's List (1993)"	
" 
 Crash (1996) 
  Scream (1996)"	
" 
 Toy Story (1995) 
 Duck Soup (1933) 
 Sleepers (1996) 
 Bridge on the River Kwai, The (1957)"	" 
 Star Wars: Episode IV - A New Hope (1977)"
" 
 English Patient, The (1996) 
  High Noon (1952)"	
" 
 Juror, The (1996) 
 City Hall (1996) 
 Looking for Richard (1996) 
 Diabolique (1996)"	
" 
 Full Monty, The (1997) 
  Cold Comfort Farm (1995)"	
" 
 Taxi Driver (1976) 
 2001: A Space Odyssey (1968) 
 Godfather, The (1972) 
 Fantasia (1940)"	" 
 Seven (a.k.a. Se7en) (1995) 
 American Beauty (1999) 
 Fargo (1996) 
 Silence of the Lambs, The (1991)"
" 
 Ice Storm, The (1997) 
  Dazed and Confused (1993)"	
" 
 Empire Strikes Back, The (1980) 
  Return of the Jedi (1983)"	
" 
 Toy Story (1995) 
 Bean (1997) 
 Liar Liar (1997) 
 Independence Day (ID4) (1996)"	" 
 Star Wars: Episode IV - A New Hope (1977)"
" 
 Bound (1996) 
 Heavy Metal (1981) 
 Ghost in the Shell (Kokaku kidotai) (1995) 
 Chasing Amy (1997)"	
" 
 Toy Story (1995) 
 Ransom (1996) 
 Benny & Joon (1993) 
 Saint, The (1997)"	" 
 Star Wars: Episode IV - A New Hope (1977)"
" 
 Lawrence of Arabia (1962) 
 2001: A Space Odyssey (1968) 
 Aliens (1986) 
 Casablanca (1942)"	
" 
 E.T. the Extra-Terrestrial (1982) 
 Clockwork Orange, A (1971) 
 Ransom (1996) 
 Raising Arizona (1987)"	" 
 Men in Black (a.k.a. MIB) (1997) 
 Jurassic Park (1993) 
 Terminator, The (1984) 
 Toy Story (1995)"
" 
 Toy Story (1995) 
  Star Wars (1977)"	" 
 Star Wars: Episode IV - A New Hope (1977)"
" 
 Toy Story (1995) 
 Raiders of the Lost Ark (1981) 
 Star Trek VI: The Undiscovered Country (1991) 
 Little Princess, A (1995)"	" 
 Star Wars: Episode IV - A New Hope (1977)"
" 
 Scream (1996) 
  I Know What You Did Last Summer (1997)"	
" 
 Citizen Kane (1941) 
 Manhattan (1979) 
 Apocalypse Now (1979) 
 Clockwork Orange, A (1971)"	
" 
 Boogie Nights (1997) 
 Good Will Hunting (1997) 
 Titanic (1997) 
 Crash (1996)"	
" 
 Tomorrow Never Dies (1997) 
 Monty Python and the Holy Grail (1974) 
 Casablanca (1942) 
 Sling Blade (1996)"	
" 
 My Fair Lady (1964) 
  Good, The Bad and The Ugly, The (1966)"	
" 
 Toy Story (1995) 
 Unbearable Lightness of Being, The (1988) 
 Cook the Thief His Wife & Her Lover, The (1989) 
 Fly Away Home (1996)"	" 
 Star Wars: Episode IV - A New Hope (1977)"
" 
 Wrong Trousers, The (1993) 
 Leaving Las Vegas (1995) 
 Star Wars (1977) 
 Schindler's List (1993)"	
" 
 Princess Bride, The (1987) 
 Monty Python's Life of Brian (1979) 
 Silence of the Lambs, The (1991) 
 Shining, The (1980)"	" 
 Back to the Future (1985) 
 Star Wars: Episode VI - Return of the Jedi (1983) 
 Matrix, The (1999) 
 Raiders of the Lost Ark (Indiana Jones and the Raiders of the Lost Ark) (1981)"
" 
 Conspiracy Theory (1997) 
 Fargo (1996) 
 Mrs. Brown (Her Majesty, Mrs. Brown) (1997) 
 Shall We Dance? (1996)"	
" 
 Empire Strikes Back, The (1980) 
 Some Kind of Wonderful (1987) 
 Return of the Jedi (1983) 
 Paris Is Burning (1990)"	
" 
 Star Trek: The Motion Picture (1979) 
  Good, The Bad and The Ugly, The (1966)"	
" 
 Shining, The (1980) 
  Vertigo (1958)"	" 
 Sixth Sense, The (1999) 
 Seven (a.k.a. Se7en) (1995) 
 American Beauty (1999) 
 Fargo (1996)"
" 
 L.A. Confidential (1997) 
 Full Monty, The (1997) 
 Good Will Hunting (1997) 
 Star Wars (1977)"	" 
 American Beauty (1999) 
 Fargo (1996) 
 Silence of the Lambs, The (1991) 
 Matrix, The (1999)"
" 
 Bram Stoker's Dracula (1992) 
 Top Gun (1986) 
 Desperado (1995) 
 Hunt for Red October, The (1990)"	
" 
 Thin Line Between Love and Hate, A (1996) 
  Money Talks (1997)"	
" 
 Mr. Holland's Opus (1995) 
 Dead Poets Society (1989) 
 White Squall (1996) 
 Schindler's List (1993)"	
" 
 L.A. Confidential (1997) 
 Deconstructing Harry (1997) 
 Titanic (1997) 
 As Good As It Gets (1997)"	" 
 American Beauty (1999) 
 Fargo (1996) 
 Silence of the Lambs, The (1991) 
 Matrix, The (1999)"
" 
 Godfather, The (1972) 
 All About Eve (1950) 
 Legends of the Fall (1994) 
 Mary Poppins (1964)"	" 
 Silence of the Lambs, The (1991) 
 Matrix, The (1999) 
 Star Wars: Episode V - The Empire Strikes Back (1980) 
 Star Wars: Episode IV - A New Hope (1977)"
" 
 Lawrence of Arabia (1962) 
  Mary Poppins (1964) 
  Beauty and the Beast (1991)"	
" 
 Toy Story (1995) 
  Philadelphia Story, The (1940)"	" 
 Star Wars: Episode IV - A New Hope (1977)"
" 
 Toy Story (1995) 
 Liar Liar (1997) 
 Sleepers (1996) 
 Heat (1995)"	" 
 Star Wars: Episode IV - A New Hope (1977)"
" 
 English Patient, The (1996) 
 Nénette et Boni (1996) 
 Seven Years in Tibet (1997) 
 Close Shave, A (1995)"	
" 
 Sunset Blvd. (1950) 
 To Kill a Mockingbird (1962) 
 East of Eden (1955) 
 Bridge on the River Kwai, The (1957)"	
" 
 Good Will Hunting (1997) 
 Love! Valour! Compassion! (1997) 
 Circle of Friends (1995) 
 Boys on the Side (1995)"	" 
 American Beauty (1999) 
 Silence of the Lambs, The (1991) 
 Forrest Gump (1994) 
 Matrix, The (1999)"
" 
 Lone Star (1996) 
 Ulee's Gold (1997) 
 Ulee's Gold (1997) 
 Star Wars (1977)"	
" 
 Chasing Amy (1997) 
  Leaving Las Vegas (1995)"	
" 
 Wizard of Oz, The (1939) 
  Platoon (1986) 
  High Noon (1952)"	" 
 Silence of the Lambs, The (1991) 
 Raiders of the Lost Ark (Indiana Jones and the Raiders of the Lost Ark) (1981) 
 Star Wars: Episode V - The Empire Strikes Back (1980) 
 Star Wars: Episode IV - A New Hope (1977)"
" 
 Pulp Fiction (1994) 
 Silence of the Lambs, The (1991) 
 Clerks (1994) 
 GoodFellas (1990)"	" 
 Silence of the Lambs, The (1991)"
" 
 Contact (1997) 
 Celluloid Closet, The (1995) 
 Star Wars (1977) 
 Love Jones (1997)"	
" 
 Star Maps (1997) 
 Steel (1997) 
 Cats Don't Dance (1997) 
 Anna Karenina (1997)"	
" 
 Scream (1996) 
  Apt Pupil (1998) 
  Scream 2 (1997)"	
" 
 Brazil (1985) 
  Psycho (1960)"	
" 
 Titanic (1997) 
  Dante's Peak (1997)"	" 
 Matrix, The (1999)"
" 
 Shawshank Redemption, The (1994) 
 Raising Arizona (1987) 
 Young Frankenstein (1974) 
 Forrest Gump (1994)"	
" 
 Kiss Me, Guido (1997) 
 Chasing Amy (1997) 
 Secrets & Lies (1996) 
 Time to Kill, A (1996)"	
" 
 Toy Story (1995) 
 Maltese Falcon, The (1941) 
 Full Metal Jacket (1987) 
 Amadeus (1984)"	" 
 Star Wars: Episode IV - A New Hope (1977)"
" 
 Lion King, The (1994) 
  Rock, The (1996) 
  Net, The (1995)"	" 
 Jurassic Park (1993) 
 Beauty and the Beast (1991) 
 Aladdin (1992) 
 Toy Story (1995)"
" 
 Ulee's Gold (1997) 
  Michael Collins (1996) 
  Ulee's Gold (1997)"	
" 
 Lawrence of Arabia (1962) 
 Godfather, The (1972) 
 Killing Fields, The (1984) 
 Deer Hunter, The (1978)"	
